iso3,country_name_ghg,year,ghg_per_capita,region,gdp_per_capita_ppp,renewable_pct,electricity_access_pct,fossil_fuel_pct,log_gdp,energy_poverty_flag,green_by_choice_flag
AUS,Australia,2017,22.74916,East Asia & Pacific,48482.6474614392,9.68610000610352,100.0,,4.685586327051401,0,0
AUT,Austria,2017,9.391686,Europe & Central Asia,54169.9639937065,33.959098815918,100.0,,4.733758546915618,0,0
BEL,Belgium,2017,10.25028,Europe & Central Asia,50442.2705419623,9.63799953460693,100.0,,4.702794627101117,0,0
CAN,Canada,2017,20.03908,North America,48317.0965785817,22.7698993682861,100.0,,4.68410082921851,0,0
CHL,Chile,2017,5.696826,Latin America & Caribbean,24470.7036236997,24.107400894165,99.7,,4.3886464571121815,0,1
COL,Colombia,2017,3.476127,Latin America & Caribbean,14171.3205005648,32.5289993286133,98.5,,4.151410320211381,0,1
CRI,Costa Rica,2017,3.16124,Latin America & Caribbean,20347.0347715842,36.2042007446289,99.6,,4.308501127262958,0,1
CZE,Czechia,2017,12.21656,Europe & Central Asia,38824.8879170919,14.4653997421265,100.0,,4.5891102106450585,0,0
DNK,Denmark,2017,8.648594,Europe & Central Asia,55356.680780178,35.5056991577148,100.0,,4.74317004167144,0,0
EST,Estonia,2017,15.76337,Europe & Central Asia,33856.1811147559,27.0333995819092,100.0,,4.529637969297921,0,0
FIN,Finland,2017,9.988059,Europe & Central Asia,47570.133583848,44.4765014648438,100.0,,4.677334370983631,0,0
FRA,France,2017,7.110206,Europe & Central Asia,44577.0645745394,14.1386003494263,100.0,,4.649111466543207,0,0
DEU,Germany,2017,10.616,Europe & Central Asia,52952.8750212389,15.2159004211426,100.0,,4.723889544650547,0,0
GRC,Greece,2017,8.950194,Europe & Central Asia,28645.0436174422,16.3834991455078,100.0,,4.457049487880798,0,0
HUN,Hungary,2017,6.664885,Europe & Central Asia,29465.1262413898,14.5065002441406,100.0,,4.469308306141214,0,0
ISL,Iceland,2017,14.21876,Europe & Central Asia,55638.4920591796,76.8330993652344,100.0,,4.745375351024325,0,0
IRL,Ireland,2017,12.87677,Europe & Central Asia,78655.6261932149,9.94279956817627,100.0,,4.895729792913239,0,0
ISR,Israel,2017,9.580019,Middle East & North Africa,38833.9734252986,3.84990000724792,100.0,,4.589211829083167,0,0
ITA,Italy,2017,7.159425,Europe & Central Asia,41581.120790548,16.4314994812012,100.0,,4.618896191262652,0,0
JPN,Japan,2017,9.992245,East Asia & Pacific,40966.5932189946,6.97450017929077,100.0,,4.612429849535044,0,0
KOR,Korea,2017,14.74389,East Asia & Pacific,40957.4180587145,2.84450006484985,100.0,,4.612332571058691,0,0
LVA,Latvia,2017,5.551417,Europe & Central Asia,28650.0077575999,42.598201751709,100.0,,4.457124743897907,0,1
LTU,Lithuania,2017,7.007361,Europe & Central Asia,33761.871239796,33.7784996032715,100.0,,4.528426509239054,0,0
LUX,Luxembourg,2017,17.24055,Europe & Central Asia,112308.17379315,15.328800201416,100.0,,5.0504113653806,0,0
MEX,Mexico,2017,6.142427,North America,19721.2609759241,9.53759956359863,100.0,,4.294934680249077,0,0
NLD,Netherlands,2017,11.09322,Europe & Central Asia,55088.6338006744,6.35620021820068,100.0,,4.741062001994204,0,0
NZL,New Zealand,2017,17.17259,East Asia & Pacific,42285.319902666,30.445499420166,100.0,,4.626189620523525,0,0
NOR,Norway,2017,9.982174,Europe & Central Asia,64050.7561654656,61.1110000610352,100.0,,4.806524261271191,0,0
POL,Poland,2017,10.66434,Europe & Central Asia,30064.5034841771,11.1876001358032,100.0,,4.4780540358594605,0,0
PRT,Portugal,2017,6.846301,Europe & Central Asia,33044.7167387479,24.4234008789063,100.0,,4.519102033424606,0,1
SVK,Slovak Republic,2017,7.744914,Europe & Central Asia,30077.8455329271,12.4337997436523,100.0,,4.478246724649944,0,0
SVN,Slovenia,2017,8.639655,Europe & Central Asia,36505.6772178798,19.6681995391846,100.0,,4.562360409461101,0,0
ESP,Spain,2017,7.111025,Europe & Central Asia,39528.9253872668,15.682900428772,100.0,,4.596915008000348,0,0
SWE,Sweden,2017,5.199349,Europe & Central Asia,51947.9542478244,52.8577003479004,100.0,,4.71556844936432,0,1
CHE,Switzerland,2017,5.731875,Europe & Central Asia,69103.570264696,25.0037994384766,100.0,,4.8395004859588715,0,1
TUR,Türkiye,2017,6.407755,Europe & Central Asia,27913.8187158996,11.4029998779297,100.0,,4.445819253679496,0,0
GBR,United Kingdom,2017,7.134717,Europe & Central Asia,45744.7104907571,9.72060012817383,100.0,,4.660340883375469,0,0
USA,United States,2017,19.71985,North America,60109.6557260477,9.91909980773926,100.0,,4.778944240583724,0,0
DZA,Algeria,2017,5.087825,Middle East & North Africa,11737.4161588301,0.14360000193119,99.6151351928711,,4.06957250308993,0,0
ARG,Argentina,2017,7.752652,Latin America & Caribbean,23597.117752839,10.3684997558594,100.0,,4.372858959729389,0,0
BLR,Belarus,2017,9.421781,Europe & Central Asia,18280.1989190642,7.28859996795654,100.0,,4.261980917272096,0,0
BRA,Brazil,2017,5.765045,,14524.6135408175,45.4364013671875,99.8,,4.162104585859391,0,1
BRN,Brunei Darussalam,2017,25.98647,,60994.5315563275,0.0109000001102686,100.0,,4.7852909002342185,0,0
BGR,Bulgaria,2017,8.421081,,21387.2766420381,17.0799999237061,100.0,,4.330155487019671,0,0
CIV,Côte d’Ivoire,2017,1.741144,,4830.75051522678,62.6884994506836,65.6,,3.6840146088675687,1,1
HRV,Croatia,2017,6.318025,,26800.118975807,29.8036003112793,100.0,,4.428136722029601,0,1
CYP,Cyprus,2017,7.117575,,38050.8577356233,11.0761995315552,100.0,,4.580364451005398,0,0
EGY,Egypt,2017,3.436196,,11014.4864791744,4.85400009155273,100.0,,4.041964254145919,0,0
GEO,Georgia,2017,4.690071,,13589.7073915159,28.0333003997803,100.0,,4.133210105767219,0,1
GHA,Ghana,2017,1.265825,,4983.68885597284,44.8622016906738,79.0,,3.6975509204183328,1,1
GTM,Guatemala,2017,1.852833,,8322.21680991504,65.0709991455078,93.3,,3.920239025819245,0,1
GNB,Guinea-Bissau,2017,0.7177915,,1925.23773659951,86.7991027832031,26.0,,3.284484365698191,1,1
GUY,Guyana,2017,6.172941,,12005.4051048003,22.1821994781494,90.3387451171875,,4.079376819271097,0,1
IDN,Indonesia,2017,3.26231,,10935.6317158256,25.4328002929688,98.14,,4.038843875875975,0,1
KAZ,Kazakhstan,2017,20.84414,,24862.9661245889,1.98730003833771,100.0,,4.395552938251717,0,0
KEN,Kenya,2017,1.201175,,4046.23477111755,71.3200988769531,56.0914306640625,,3.6070510778521965,1,1
MYS,Malaysia,2017,9.808034,,26661.5074160333,5.22349977493286,100.0,,4.425884700365081,0,0
MDV,Maldives,2017,3.957199,,18058.5810797009,1.25460004806519,99.8,,4.256683623415745,0,0
MLT,Malta,2017,4.311118,,42644.0508459903,7.25339984893799,100.0,,4.62985845250304,0,0
MUS,Mauritius,2017,4.435731,,21415.1161096211,9.42230033874512,99.61,,4.330720433420005,0,0
MDA,Moldova,2017,4.155583,,11651.3174546862,26.0611000061035,99.98,,4.066375035314906,0,1
NAM,Namibia,2017,4.37755,,10171.4214929004,29.4083003997803,52.5,,4.0073816513871,1,1
NPL,Nepal,2017,1.670359,,3565.19780740052,76.4075012207031,89.9230804443359,,3.55208363075992,0,1
NGA,Nigeria,2017,1.497191,,5190.35612668836,82.649299621582,54.4,,3.7151971571836224,1,1
PAN,Panama,2017,4.376703,,30446.8372293853,23.5802001953125,93.7,,4.48354218546921,0,1
PER,Peru,2017,3.230646,,12506.5293750586,27.6040000915527,94.8,,4.097136807504817,0,1
ROU,Romania,2017,5.98312,,27141.9193326803,23.3785991668701,100.0,,4.433640555413585,0,1
RUS,Russia,2017,13.67797,,25926.4438539743,3.24760007858276,100.0,,4.4137429517670705,0,0
RWA,Rwanda,2017,0.7771127,,1975.24866113275,86.9050979614258,34.1,,3.2956217760941477,1,1
SRB,Serbia,2017,9.189626,,16611.0168589401,20.0942001342773,100.0,,4.220396219008246,0,0
SGP,Singapore,2017,10.00177,,95350.4356748021,0.690299987792969,100.0,,4.979322681763044,0,0
SLB,Solomon Islands,2017,0.8774037,,2663.93950830045,48.9770011901855,62.9,,3.425524358820489,1,1
ZAF,South Africa,2017,8.678108,,12701.3489331232,10.2253999710083,84.4,,4.1038498471844465,0,0
UKR,Ukraine,2017,7.236908,,11871.1236240918,6.46759986877441,100.0,,4.0744918276865025,0,0
UZB,Uzbekistan,2017,5.397403,,6518.8046866066,1.77110004425049,100.0,,3.8141679691058865,0,0
AUS,Australia,2015,22.76201,East Asia & Pacific,46288.3344786414,9.31550025939941,100.0,89.6256301102374,4.66547155451907,0,0
AUT,Austria,2015,9.180776,Europe & Central Asia,49865.9039424185,34.8772010803223,100.0,65.6618219894727,4.697803696105596,0,0
BEL,Belgium,2015,10.52475,Europe & Central Asia,46200.904454307,9.37609958648682,100.0,75.8707843536824,4.664650477626901,0,0
CAN,Canada,2015,20.63403,North America,44670.0805385838,22.6422004699707,100.0,74.089062024806,4.650016735490218,0,0
CHL,Chile,2015,5.585496,Latin America & Caribbean,22698.5456555402,25.0650997161865,99.714844,74.6472122625678,4.3559980319064415,0,1
COL,Colombia,2015,3.604959,Latin America & Caribbean,13265.7972569151,31.5995006561279,98.186898,,4.122733355628131,0,1
CRI,Costa Rica,2015,2.995665,Latin America & Caribbean,17090.7965760726,38.326301574707,99.409804,,4.232762304998709,0,1
CZE,Czechia,2015,11.94751,Europe & Central Asia,33899.2865661657,14.8454999923706,100.0,77.7345870580784,4.530190558272763,0,0
DNK,Denmark,2015,8.831057,Europe & Central Asia,49045.3391904109,32.9777984619141,100.0,64.9270894675666,4.69059774239769,0,0
EST,Estonia,2015,13.6325,Europe & Central Asia,29389.2553208368,27.5559997558594,100.0,13.0562153357344,4.468188581848431,0,0
FIN,Finland,2015,10.04057,Europe & Central Asia,42497.7049785783,43.2295989990234,100.0,40.2079829899529,4.628365477296151,0,0
FRA,France,2015,7.074852,Europe & Central Asia,40849.9973780501,13.4837999343872,100.0,46.4879708722364,4.61119203299332,0,0
DEU,Germany,2015,10.98749,Europe & Central Asia,47609.7810045816,14.5502996444702,100.0,78.862551056755,4.677696183811824,0,0
GRC,Greece,2015,8.878441,Europe & Central Asia,26721.1195242313,17.4748992919922,100.0,82.5746351336883,4.4268546496497185,0,0
HUN,Hungary,2015,6.342242,Europe & Central Asia,26777.4703988142,15.6000995635986,100.0,69.549793691078,4.4277695478916215,0,0
ISL,Iceland,2015,14.63909,Europe & Central Asia,49201.0640964553,77.1162033081055,100.0,11.288868750735,4.691974495576737,0,0
IRL,Ireland,2015,12.84987,Europe & Central Asia,69042.7681163893,9.09179973602295,100.0,85.3428197664443,4.839118195128553,0,0
ISR,Israel,2015,10.04037,Middle East & North Africa,35475.1772932563,3.73850011825562,100.0,97.3821241260262,4.549924574595769,0,0
ITA,Italy,2015,7.306344,Europe & Central Asia,36899.3852092463,16.570499420166,100.0,79.9484547354947,4.567019130320141,0,0
JPN,Japan,2015,10.23948,East Asia & Pacific,40388.5527720976,6.32340002059937,100.0,93.0264551074629,4.60625829153709,0,0
KOR,Korea,2015,14.24184,East Asia & Pacific,37902.4004037578,2.74399995803833,100.0,81.0284758071445,4.578666715221234,0,0
LVA,Latvia,2015,5.437304,Europe & Central Asia,24961.3546830558,38.1002006530762,100.0,,4.397268151339347,0,1
LTU,Lithuania,2015,6.762146,Europe & Central Asia,28834.4276801135,28.9622993469238,100.0,,4.459911335742224,0,1
LUX,Luxembourg,2015,18.14989,Europe & Central Asia,103722.990846127,9.08520030975342,100.0,80.562295207665,5.015875031132814,0,0
MEX,Mexico,2015,6.157423,North America,18301.5004690469,9.19330024719238,99.0,90.4262079109407,4.262486697310411,0,0
NLD,Netherlands,2015,11.35148,Europe & Central Asia,50288.5913949377,5.71049976348877,100.0,93.4610046096056,4.701469471016168,0,0
NZL,New Zealand,2015,18.05449,East Asia & Pacific,37479.6829800129,31.1613998413086,100.0,59.7491685361223,4.573795908773549,0,0
NOR,Norway,2015,10.4499,Europe & Central Asia,60368.9208717485,58.13330078125,100.0,56.9516286499811,4.7808134126659025,0,0
POL,Poland,2015,9.996041,Europe & Central Asia,26862.052515029,11.8677997589111,100.0,90.2913754356553,4.4291391938090445,0,0
PRT,Portugal,2015,6.502329,Europe & Central Asia,29660.8960672526,27.2049999237061,100.0,77.024122555839,4.472184267096439,0,1
SVK,Slovak Republic,2015,7.453356,Europe & Central Asia,29919.6596714916,13.4084997177124,100.0,64.0914950988802,4.475956649231399,0,0
SVN,Slovenia,2015,8.179931,Europe & Central Asia,31628.247175832,20.8129005432129,100.0,61.114199486892,4.500075124164937,0,0
ESP,Spain,2015,7.110942,Europe & Central Asia,34903.1274779473,16.2985000610352,100.0,72.9555461183378,4.5428643434508835,0,0
SWE,Sweden,2015,5.437399,Europe & Central Asia,49103.1334338706,52.8914985656738,100.0,25.1170961346531,4.691109206779157,0,1
CHE,Switzerland,2015,5.914449,Europe & Central Asia,66020.2043398841,23.9573993682861,100.0,50.1682254807986,4.819676864186155,0,1
TUR,Türkiye,2015,6.017152,Europe & Central Asia,25753.3905100464,13.3374004364014,100.0,86.843187660708,4.410834413294553,0,0
GBR,United Kingdom,2015,7.837874,Europe & Central Asia,42567.5917974837,8.58769989013672,100.0,80.3517712672552,4.629079081263632,0,0
USA,United States,2015,20.65523,North America,56863.3714957652,9.03390026092529,100.0,82.4278282452692,4.754832605945313,0,0
DZA,Algeria,2015,5.177589,Middle East & North Africa,12015.6329073378,0.0590000003576279,99.1868896484375,,4.079746651621407,0,0
ARG,Argentina,2015,7.907748,Latin America & Caribbean,20105.1989918165,9.3931999206543,99.8116836547852,,4.303308375903002,0,0
BLR,Belarus,2015,9.338513,Europe & Central Asia,18041.2425036167,6.82399988174438,100.0,,4.256266444175017,0,0
BRA,Brazil,2015,5.898276,,14744.1136344696,43.7406005859375,99.710902,,4.168618669378199,0,1
BRN,Brunei Darussalam,2015,26.25471,,62540.6252209261,0.0148999998345971,100.0,,4.7961622185864945,0,0
BGR,Bulgaria,2015,8.418443,,18343.1107773187,17.8199005126953,100.0,,4.263472988850966,0,0
CIV,Côte d’Ivoire,2015,1.878543,,4652.88961920098,64.8336029052734,62.6,,3.6677227498596086,1,1
HRV,Croatia,2015,5.916793,,23005.1011419416,33.1091003417969,100.0,,4.361824146980974,0,1
CYP,Cyprus,2015,6.822128,,31815.1397351446,10.5434999465942,100.0,,4.502633835039442,0,0
EGY,Egypt,2015,3.355361,,11512.4021442637,5.11600017547607,99.3,,4.061165951705499,0,0
GEO,Georgia,2015,4.87484,,12089.1694050447,28.1485004425049,100.0,,4.082396463375465,0,1
GHA,Ghana,2015,1.141843,,5005.0162850438,44.0498008728027,74.1710510253906,,3.6994054949008826,1,1
GTM,Guatemala,2015,1.855356,,8194.44068126819,63.3911018371582,90.4963989257813,,3.913519315767574,0,1
GNB,Guinea-Bissau,2015,0.7274069,,1597.20425429364,87.1517028808594,20.1411075592041,,3.2033604583052897,1,1
GUY,Guyana,2015,6.085563,,11198.3015858384,24.9480991363525,88.0877990722656,,4.04915215947096,0,1
IDN,Indonesia,2015,3.153344,,10247.2063381531,26.9519004821777,97.5373674369822,,4.010605481265477,0,1
KAZ,Kazakhstan,2015,20.38768,,23224.1178353573,1.70659995079041,100.0,,4.365939226368038,0,0
KEN,Kenya,2015,1.18458,,3361.97713749708,72.032096862793,41.6,,3.5265947557742967,1,1
MYS,Malaysia,2015,10.1734,,24801.8884320151,3.40630006790161,100.0,,4.394484749551216,0,0
MDV,Maldives,2015,3.612897,,16768.8259801786,1.380499958992,99.7901611328125,,4.224502657825036,0,0
MLT,Malta,2015,4.82424,,37455.0705857175,6.00190019607544,100.0,,4.573510619854733,0,0
MUS,Mauritius,2015,4.04746,,19229.8354887211,11.4865999221802,99.429817199707,,4.28397556886426,0,0
MDA,Moldova,2015,4.00439,,9254.84860512976,24.722900390625,100.0,,3.9663693187675277,0,1
NAM,Namibia,2015,4.74826,,10633.2944166049,28.816499710083,51.6,,4.0266678388687405,1,1
NPL,Nepal,2015,1.539005,,2996.22046186766,85.0361022949219,83.5274658203125,,3.476573765586186,1,1
NGA,Nigeria,2015,1.524813,,5426.33278732294,82.303596496582,52.5,,3.734506424749222,1,1
PAN,Panama,2015,4.493486,,25319.2570478424,21.9006996154785,92.2937088012695,,4.403450957871531,0,1
PER,Peru,2015,3.211313,,11572.3207931902,27.4379997253418,93.852179,,4.063420464103262,0,1
ROU,Romania,2015,5.878012,,21605.8366788676,23.6928005218506,100.0,,4.334571088882826,0,1
RUS,Russia,2015,13.54438,,24085.3241847947,3.20029997825623,95.5,,4.3817524962273655,0,0
RWA,Rwanda,2015,0.8212945,,1804.54995234223,86.7220993041992,22.8,,3.2563689084106695,1,1
SRB,Serbia,2015,8.753469,,14928.408525228,21.3332004547119,99.9,,4.17401351130493,0,0
SGP,Singapore,2015,9.832285,,86974.7476230627,0.645099997520447,100.0,,4.939393177217612,0,0
SLB,Solomon Islands,2015,0.8123034,,2446.49919429778,48.6451988220215,55.1,,3.388545077070375,1,1
ZAF,South Africa,2015,9.035033,,12552.3396733784,10.2917003631592,85.3,,4.098724682991078,0,0
UKR,Ukraine,2015,7.093762,,10164.3273340852,4.14249992370605,100.0,,4.007078642712241,0,0
UZB,Uzbekistan,2015,5.430871,,6343.1497417051,1.67369997501373,100.0,,3.802304963837733,0,0
AUS,Australia,2018,22.44748,East Asia & Pacific,50252.8404567524,9.64500045776367,100.0,,4.701160614546846,0,0
AUT,Austria,2018,8.984918,Europe & Central Asia,57050.3513549091,33.8456001281738,100.0,,4.7562583234436,0,0
BEL,Belgium,2018,10.26945,Europe & Central Asia,52662.5329289973,10.6626996994019,100.0,,4.721501743692034,0,0
CAN,Canada,2018,20.0309,North America,50239.9910453428,22.1828994750977,100.0,,4.701049553321525,0,0
CHL,Chile,2018,5.672374,Latin America & Caribbean,24740.4961524432,25.4606990814209,100.0,,4.39340840483666,0,1
COL,Colombia,2018,3.619326,Latin America & Caribbean,14865.8932403218,30.7182006835938,98.5,,4.17219100958454,0,1
CRI,Costa Rica,2018,3.200677,Latin America & Caribbean,20994.3957642254,35.7047996520996,99.7,,4.322103379805637,0,1
CZE,Czechia,2018,11.98083,Europe & Central Asia,41134.0898758874,14.7252998352051,100.0,,4.614201892641298,0,0
DNK,Denmark,2018,8.580415,Europe & Central Asia,57462.7760122823,35.3287010192871,100.0,,4.759386602820115,0,0
EST,Estonia,2018,15.09539,Europe & Central Asia,36326.7982301075,28.8421993255615,100.0,,4.560227121719769,0,0
FIN,Finland,2018,10.1648,Europe & Central Asia,49755.1395203306,44.2167015075684,100.0,,4.696837948398995,0,0
FRA,France,2018,6.790996,Europe & Central Asia,46569.0197507959,15.2525997161865,100.0,,4.668097096397393,0,0
DEU,Germany,2018,10.22998,Europe & Central Asia,54954.8467481602,15.795599937439,100.0,,4.7400060010935725,0,0
GRC,Greece,2018,8.667607,Europe & Central Asia,29680.9418343832,17.8591003417969,100.0,,4.472477677839661,0,0
HUN,Hungary,2018,6.668178,Europe & Central Asia,31831.9811391526,13.5340995788574,100.0,,4.5028636688134895,0,0
ISL,Iceland,2018,14.01085,Europe & Central Asia,58222.338063421,78.2135009765625,100.0,,4.765089641632742,0,0
IRL,Ireland,2018,12.64129,Europe & Central Asia,84910.5524517801,10.7444000244141,100.0,,4.928961666531273,0,0
ISR,Israel,2018,9.441315,Middle East & North Africa,40343.0969507207,3.71539998054504,100.0,,4.605769233911034,0,0
ITA,Italy,2018,7.105342,Europe & Central Asia,43123.6057513919,17.0743007659912,100.0,,4.634715066938945,0,0
JPN,Japan,2018,9.639091,East Asia & Pacific,41695.6379442744,7.38770008087158,100.0,,4.620090622939665,0,0
KOR,Korea,2018,15.17932,East Asia & Pacific,42487.0419465669,3.18400001525879,100.0,,4.628256495481066,0,0
LVA,Latvia,2018,5.843408,Europe & Central Asia,30799.4284233858,41.2528991699219,100.0,,4.48854265692665,0,1
LTU,Lithuania,2018,6.951449,Europe & Central Asia,36346.3975289681,33.4990997314453,100.0,,4.560461372256346,0,0
LUX,Luxembourg,2018,17.40738,Europe & Central Asia,116644.848056492,16.0277004241943,100.0,,5.06686556173202,0,0
MEX,Mexico,2018,6.075221,North America,20257.8260935189,9.62530040740967,99.5,,4.306592838544274,0,0
NLD,Netherlands,2018,10.73006,Europe & Central Asia,57901.0970130477,7.38369989395142,100.0,,4.762686792090129,0,0
NZL,New Zealand,2018,16.9124,East Asia & Pacific,43930.881423072,31.0396003723145,100.0,,4.642769916976592,0,0
NOR,Norway,2018,9.944004,Europe & Central Asia,69710.484509237,60.8138008117676,100.0,,4.843298101226779,0,0
POL,Poland,2018,10.67059,Europe & Central Asia,31978.5311498844,11.2637996673584,100.0,,4.504858511688197,0,0
PRT,Portugal,2018,6.491846,Europe & Central Asia,34931.7846000824,27.6138000488281,100.0,,4.543220773503954,0,1
SVK,Slovak Republic,2018,7.707138,Europe & Central Asia,31505.0626312076,12.4203996658325,100.0,,4.498380347317621,0,0
SVN,Slovenia,2018,8.531396,Europe & Central Asia,38915.6419586224,21.0060997009277,100.0,,4.590124199034764,0,0
ESP,Spain,2018,6.955995,Europe & Central Asia,40720.1908040246,17.3889007568359,100.0,,4.609809804322339,0,0
SWE,Sweden,2018,5.05477,Europe & Central Asia,53553.312449047,52.4827995300293,100.0,,4.728786338545118,0,1
CHE,Switzerland,2018,5.508288,Europe & Central Asia,71705.6099676226,24.2031002044678,100.0,,4.855553134505643,0,1
TUR,Türkiye,2018,6.275307,Europe & Central Asia,27942.9558261698,11.8739995956421,100.0,,4.446272344193958,0,0
GBR,United Kingdom,2018,6.976843,Europe & Central Asia,47145.8840978145,11.0450000762939,100.0,,4.673443784207363,0,0
USA,United States,2018,20.15406,North America,63064.4184096728,10.1071996688843,100.0,,4.799784394951651,0,0
DZA,Algeria,2018,5.262534,Middle East & North Africa,11921.7253285832,0.193299993872643,99.6419219970703,,4.076339111650914,0,0
ARG,Argentina,2018,7.699173,Latin America & Caribbean,23305.847419406,10.5207996368408,100.0,,4.367464898853281,0,0
BLR,Belarus,2018,9.746824,Europe & Central Asia,19338.6664376772,7.21979999542236,100.0,,4.286426522553264,0,0
BRA,Brazil,2018,5.63276,,15020.4382238881,47.0616989135742,99.7,,4.176682603469756,0,1
BRN,Brunei Darussalam,2018,25.09908,,61839.1175656081,0.0109000001102686,100.0,,4.791263283641165,0,0
BGR,Bulgaria,2018,7.861728,,22911.2983540279,19.5275001525879,100.0,,4.360049700800603,0,0
CIV,Côte d’Ivoire,2018,1.710556,,5154.33170207433,63.532600402832,67.1723709106445,,3.7121723637191764,1,1
HRV,Croatia,2018,6.123429,,28554.3891018959,32.8473014831543,100.0,,4.455672873220327,0,1
CYP,Cyprus,2018,6.939748,,40476.3862698991,12.1436004638672,100.0,,4.607201731769025,0,0
EGY,Egypt,2018,3.463126,,11639.2390898864,4.74440002441406,100.0,,4.065924589431986,0,0
GEO,Georgia,2018,4.652597,,14595.6306437119,27.9435997009277,99.9,,4.164222864597556,0,1
GHA,Ghana,2018,1.312229,,5302.2040053056,41.9766006469727,80.4,,3.7244564334449892,1,1
GTM,Guatemala,2018,1.868301,,8665.34726097301,64.0977020263672,94.4130096435547,,3.9377859716087835,0,1
GNB,Guinea-Bissau,2018,0.6934381,,1947.59676042334,86.7892990112305,28.5148296356201,,3.2894990434814573,1,1
GUY,Guyana,2018,6.167833,,12777.1609714904,16.8080005645752,91.2374572753906,,4.106434366233472,0,0
IDN,Indonesia,2018,3.378282,,11644.7585390353,20.863899230957,98.51,,4.066130487610779,0,1
KAZ,Kazakhstan,2018,21.34503,,26157.6596496269,1.8555999994278,100.0,,4.417598884655265,0,0
KEN,Kenya,2018,1.223337,,4304.77163567309,72.2714996337891,61.4364166259766,,3.633950117462698,1,1
MYS,Malaysia,2018,9.79379,,28219.8026138181,5.3105001449585,100.0,,4.450553971713531,0,0
MDV,Maldives,2018,4.197021,,19246.8074838403,1.11829996109009,100.0,,4.284358702305005,0,0
MLT,Malta,2018,4.165486,,44482.2396843652,7.46479988098145,100.0,,4.6481866458868,0,0
MUS,Mauritius,2018,4.478291,,22741.3513191773,9.19890022277832,99.4200668334961,,4.356816267432866,0,0
MDA,Moldova,2018,4.406259,,12659.983658527,25.7460994720459,99.99,,4.102433145095544,0,1
NAM,Namibia,2018,4.198732,,10334.5720485037,30.3269996643066,53.969539642334,,4.014292497332784,1,1
NPL,Nepal,2018,1.761065,,3864.32212409671,75.0397033691406,93.92,,3.5870733213890915,0,1
NGA,Nigeria,2018,1.512795,,5278.84839470055,79.6541976928711,56.5,,3.7225391895079802,1,1
PAN,Panama,2018,4.362435,,31757.561135057,24.4111995697021,94.94482421875,,4.5018471428023945,0,1
PER,Peru,2018,3.189103,,13088.2958384558,27.8973999023438,95.2,,4.116883102919304,0,1
ROU,Romania,2018,6.048876,,29248.8093232601,23.0492992401123,100.0,,4.466108191277583,0,1
RUS,Russia,2018,14.07665,,28681.7844582961,3.18050003051758,100.0,,4.457606167786651,0,0
RWA,Rwanda,2018,0.7978748,,2138.89969873046,85.6945037841797,34.7422370910645,,3.330190419303072,1,1
SRB,Serbia,2018,9.022214,,17736.0068023489,21.1446990966797,100.0,,4.248855846672852,0,0
SGP,Singapore,2018,10.08684,,100581.158024992,0.727299988269806,100.0,,5.002516631493386,0,0
SLB,Solomon Islands,2018,0.8389294,,2762.41641187812,48.5018005371094,66.4730453491211,,3.4412891455495256,1,1
ZAF,South Africa,2018,8.537099,,12931.1227644514,10.3432998657227,84.7,,4.111636234798132,0,0
UKR,Ukraine,2018,7.631061,,12634.2355540514,6.90729999542236,100.0,,4.1015489696670295,0,0
UZB,Uzbekistan,2018,5.80262,,6917.6787960123,1.48749995231628,100.0,,3.8399603928390884,0,0
AUS,Australia,2014,22.74019,East Asia & Pacific,46880.2206571585,9.3169002532959,100.0,93.386835655426,4.670989647164488,0,0
AUT,Austria,2014,9.033319,Europe & Central Asia,48799.7154676985,35.790901184082,100.0,64.8131564661468,4.6884172898066305,0,0
BEL,Belgium,2014,10.21425,Europe & Central Asia,44929.685593416,9.12479972839355,100.0,72.6525048356486,4.652533379520641,0,0
CAN,Canada,2014,20.97687,North America,45753.7505547994,22.4167995452881,100.0,73.1928743182183,4.660426700118124,0,0
CHL,Chile,2014,5.283227,Latin America & Caribbean,22786.642771331,26.9461002349854,100.0,73.2505438289352,4.357680343904028,0,1
COL,Colombia,2014,3.509622,Latin America & Caribbean,13307.4245015783,32.3832015991211,97.790938,76.685692626894,4.124094010922873,0,1
CRI,Costa Rica,2014,3.075124,Latin America & Caribbean,16067.3307687826,37.6165008544922,99.359291,49.8802727339625,4.205943734344321,0,1
CZE,Czechia,2014,11.91482,Europe & Central Asia,32502.4753540118,14.8607997894287,100.0,75.2785222475024,4.51191643764504,0,0
DNK,Denmark,2014,9.377474,Europe & Central Asia,47901.4473627066,30.2283992767334,100.0,67.7045581238811,4.680348636006218,0,0
EST,Estonia,2014,15.96656,Europe & Central Asia,29135.7051198125,25.4899005889893,100.0,14.4902911133818,4.464425533012681,0,0
FIN,Finland,2014,10.7283,Europe & Central Asia,41757.4021894413,41.2490997314453,100.0,42.1825267911597,4.620733472516136,0,0
FRA,France,2014,7.046576,Europe & Central Asia,40144.0268283679,13.3534002304077,100.0,46.2259230612383,4.603620934210876,0,0
DEU,Germany,2014,10.98049,Europe & Central Asia,47011.5510935131,14.0247001647949,100.0,79.7105269369918,4.672204580485013,0,0
GRC,Greece,2014,9.174307,Europe & Central Asia,26642.1050002364,16.4074001312256,100.0,86.0493171783821,4.425568535583508,0,0
HUN,Hungary,2014,6.00465,Europe & Central Asia,25642.5566762677,15.7227001190186,100.0,68.1924013959596,4.408961324085462,0,0
ISL,Iceland,2014,14.53881,Europe & Central Asia,45996.9687476901,76.4253997802734,100.0,10.9284872679796,4.6627292121266075,0,0
IRL,Ireland,2014,12.47143,Europe & Central Asia,51154.4626833444,8.43910026550293,100.0,84.4375871556249,4.708883527280014,0,0
ISR,Israel,2014,9.849664,Middle East & North Africa,34266.995175409,3.70029997825623,100.0,91.7496360579347,4.53487602342744,0,0
ITA,Italy,2014,7.120819,Europe & Central Asia,36194.873918843,17.1315994262695,100.0,78.5864226219386,4.558647068146505,0,0
JPN,Japan,2014,10.5282,East Asia & Pacific,39179.155610609,5.71990013122559,100.0,94.4074689015954,4.593055071842363,0,0
KOR,Korea,2014,14.33164,East Asia & Pacific,35324.4976704773,2.86770009994507,100.0,82.3950038022924,4.54807599471052,0,0
LVA,Latvia,2014,5.373127,Europe & Central Asia,23803.8094030424,40.2352981567383,100.0,56.7174275733725,4.376646464213395,0,1
LTU,Lithuania,2014,6.594755,Europe & Central Asia,28184.4723303858,27.7318992614746,100.0,67.9937494705635,4.450009908372212,0,1
LUX,Luxembourg,2014,19.4309,Europe & Central Asia,101297.575745297,6.84619998931885,100.0,83.331752670447,5.005599051944304,0,0
MEX,Mexico,2014,6.141273,North America,18056.7898061476,9.75899982452393,99.172928,90.2784899713522,4.256640542577789,0,0
NLD,Netherlands,2014,10.9876,Europe & Central Asia,49233.2153954401,5.52650022506714,100.0,90.9218838570949,4.692258200243521,0,0
NZL,New Zealand,2014,18.4279,East Asia & Pacific,37293.3567850718,30.8206996917725,100.0,59.8468440526352,4.571631476083797,0,0
NOR,Norway,2014,10.45206,Europe & Central Asia,65892.6892787813,56.9207000732422,100.0,57.9782333483243,4.818837232772929,0,0
POL,Poland,2014,9.929695,Europe & Central Asia,25475.5046935928,11.5761003494263,100.0,90.0879642957879,4.406122796543872,0,0
PRT,Portugal,2014,6.078352,Europe & Central Asia,28742.4403783509,30.4589004516602,100.0,72.8127262997581,4.458523639158585,0,1
SVK,Slovak Republic,2014,7.319902,Europe & Central Asia,28996.8667929371,12.2419004440308,100.0,63.9460954273638,4.462351073483392,0,0
SVN,Slovenia,2014,8.093888,Europe & Central Asia,30870.0236667425,22.3006992340088,100.0,59.6632066816783,4.489536962437448,0,0
ESP,Spain,2014,6.857054,Europe & Central Asia,33525.7406299089,17.3747997283936,100.0,71.5311218481781,4.52537838079447,0,0
SWE,Sweden,2014,5.515628,Europe & Central Asia,47184.6691338182,49.543098449707,100.0,29.7747472651344,4.673800914055306,0,1
CHE,Switzerland,2014,6.044053,Europe & Central Asia,64103.0104476336,22.211799621582,100.0,48.741859877427,4.806878425620141,0,1
TUR,Türkiye,2014,5.997226,Europe & Central Asia,24090.2360374724,11.5132999420166,100.0,89.5439509012097,4.381841055260676,0,0
GBR,United Kingdom,2014,8.215401,Europe & Central Asia,41289.0758256899,7.36040019989014,100.0,82.7165784999401,4.615835162160364,0,0
USA,United States,2014,21.37271,North America,55049.9883272312,9.22049999237061,100.0,83.0890424221381,4.740757231220221,0,0
DZA,Algeria,2014,5.151576,Middle East & North Africa,13003.2667848382,0.0687000006437302,99.0740356445313,99.9779167201605,4.114052472952946,0,0
ARG,Argentina,2014,7.848993,Latin America & Caribbean,19683.7715056442,9.78139972686768,100.0,87.7224074796892,4.294108314987636,0,0
BLR,Belarus,2014,9.893406,Europe & Central Asia,18955.907025082,6.69199991226196,100.0,92.4403750165292,4.277744569905352,0,0
BRA,Brazil,2014,6.026185,,15718.5649500141,41.8292007446289,99.650247,59.1075326389753,4.196412893946467,0,1
BRN,Brunei Darussalam,2014,27.43803,,81371.2308691448,0.0140000004321337,100.0,99.9951884698856,4.910470885439321,0,0
BGR,Bulgaria,2014,7.927114,,17561.382132399,17.1172008514404,100.0,71.0459225220269,4.244558693167618,0,0
CIV,Côte d’Ivoire,2014,1.577156,,3127.48068718689,72.1634979248047,61.9,26.4923300237552,3.4951946365192352,1,1
HRV,Croatia,2014,5.758433,,22060.7411314836,33.6200981140137,100.0,70.7036623421282,4.3436200984898035,0,1
CYP,Cyprus,2014,6.882424,,30080.3000080402,9.62689971923828,100.0,92.9062150260328,4.478282163408522,0,0
EGY,Egypt,2014,3.07912,,10895.9431672625,5.33799982070923,99.8,97.9289297878435,4.037264829314611,0,0
GEO,Georgia,2014,4.477543,,11575.547210705,31.3444004058838,100.0,72.2095353380914,4.0635415305731275,0,1
GHA,Ghana,2014,1.128611,,5256.66624082205,47.698299407959,78.3,52.5430601292631,3.7207104034268736,1,1
GTM,Guatemala,2014,1.703142,,7758.49316980639,66.3634033203125,85.494371,37.3785969634422,3.88977738213671,0,1
GNB,Guinea-Bissau,2014,0.6962806,,1378.23754028997,87.2809982299805,17.2,,3.1393240750074494,1,1
GUY,Guyana,2014,6.078437,,10951.806089186,24.0174999237061,86.9,,4.039485745649852,0,1
IDN,Indonesia,2014,3.069394,,10278.1773057998,28.3188991546631,97.01,66.089475456589,4.011916105299561,0,1
KAZ,Kazakhstan,2014,20.52191,,24726.4728671586,1.34119999408722,100.0,99.1739073129022,4.3931621704018,0,0
KEN,Kenya,2014,1.147807,,3021.427818107,74.9412002563477,36.0,17.3795726114892,3.4802122234157595,1,1
MYS,Malaysia,2014,10.23582,,24607.6687337619,3.02999997138977,99.9883575439453,96.6281988978081,4.391070471727172,0,0
MDV,Maldives,2014,3.68893,,15993.0586879357,1.1952999830246,100.0,,4.203931530929355,0,0
MLT,Malta,2014,6.549833,,34344.1114460945,4.4899001121521,100.0,97.7884616626645,4.535852284752344,0,0
MUS,Mauritius,2014,4.015156,,18488.0467911726,10.5929002761841,99.3755569458008,84.5423603034044,4.266891031623062,0,0
MDA,Moldova,2014,3.968441,,8827.05410758548,24.3090000152588,100.0,88.6880222394062,3.9458157887096657,0,1
NAM,Namibia,2014,4.751163,,10467.228044829,29.9841995239258,48.7061805725098,66.7190908320656,4.019831686051026,1,1
NPL,Nepal,2014,1.496792,,2947.31648725396,84.0630035400391,84.9,15.4826794026705,3.469426773545209,1,1
NGA,Nigeria,2014,1.563994,,5507.16949454144,80.6576995849609,54.4245338439941,18.876766756621,3.7409284429986767,1,1
PAN,Panama,2014,4.204799,,22897.3731046132,19.7833995819092,91.4287567138672,80.7126619635031,4.359785660872195,0,1
PER,Peru,2014,3.223498,,11510.2788763872,28.5688991546631,92.919989,79.5556835734868,4.061085846045854,0,1
ROU,Romania,2014,5.914941,,20657.7070695521,24.3328990936279,100.0,72.5236945744128,4.315082114748735,0,1
RUS,Russia,2014,13.6596,,25761.6480209933,3.29609990119934,100.0,92.1428758178287,4.4109736422098935,0,0
RWA,Rwanda,2014,0.7338822,,1706.6729870342,87.9537963867188,19.8,,3.2321503145934694,1,1
SRB,Serbia,2014,7.617867,,14659.6064222468,23.4585990905762,99.6607979324826,83.8712616429286,4.166122310622918,0,0
SGP,Singapore,2014,9.636294,,84423.1913432675,0.590699970722198,100.0,90.5788735805032,4.9264617652144365,0,0
SLB,Solomon Islands,2014,0.8533567,,2454.93054654717,45.8947982788086,50.211109161377,,3.3900392098284415,1,1
ZAF,South Africa,2014,9.387836,,12521.1285484636,9.90810012817383,86.0,86.7914316914016,4.097643474264339,0,0
UKR,Ukraine,2014,8.028714,,10743.5863638157,3.49920010566711,100.0,75.3495057807649,4.0311492793171695,0,0
UZB,Uzbekistan,2014,5.650603,,6158.50245912758,1.34500002861023,99.9942016601563,,3.7894751191765312,0,0
AUS,Australia,2019,21.86902,East Asia & Pacific,52203.1322876387,,100.0,,4.717696562282436,0,0
AUT,Austria,2019,9.08026,Europe & Central Asia,58649.6683148852,,100.0,,4.768265560365914,0,0
BEL,Belgium,2019,10.12343,Europe & Central Asia,54709.4669035074,,100.0,,4.738062482973539,0,0
CAN,Canada,2019,19.77897,North America,50660.5777927922,,100.0,,4.704670138687659,0,0
CHL,Chile,2019,5.682408,Latin America & Caribbean,25974.7316377039,,100.0,,4.414551069266119,0,0
COL,Colombia,2019,3.683094,Latin America & Caribbean,15621.0873671586,,99.7662734985352,,4.193711261367173,0,0
CRI,Costa Rica,2019,3.187736,Latin America & Caribbean,21792.4758810293,,99.71,,4.338306573999601,0,0
CZE,Czechia,2019,11.46535,Europe & Central Asia,43005.5533406102,,100.0,,4.6335245399856,0,0
DNK,Denmark,2019,7.870842,Europe & Central Asia,60334.8086338323,,100.0,,4.780567939603098,0,0
EST,Estonia,2019,10.93776,Europe & Central Asia,38819.3390286313,,100.0,,4.589048136444875,0,0
FIN,Finland,2019,9.53934,Europe & Central Asia,51556.5268436077,,100.0,,4.7122836529897185,0,0
FRA,France,2019,6.62196,Europe & Central Asia,49377.1265790966,,100.0,,4.69352581327611,0,0
DEU,Germany,2019,9.550692,Europe & Central Asia,55891.2036125205,,100.0,,4.747343462212927,0,0
GRC,Greece,2019,8.052013,Europe & Central Asia,30869.1509800246,,100.0,,4.489524684883425,0,0
HUN,Hungary,2019,6.646106,Europe & Central Asia,33956.8219158243,,100.0,,4.530927037019281,0,0
ISL,Iceland,2019,13.29792,Europe & Central Asia,60081.8492666878,,100.0,,4.778743291405536,0,0
IRL,Ireland,2019,12.11575,Europe & Central Asia,89431.3951006868,,100.0,,4.951490005657853,0,0
ISR,Israel,2019,9.402014,Middle East & North Africa,41947.5899429783,,100.0,,4.622707013924365,0,0
ITA,Italy,2019,6.926384,Europe & Central Asia,44850.9264658367,,100.0,,4.651771418502627,0,0
JPN,Japan,2019,9.373204,East Asia & Pacific,42197.2548051299,,100.0,,4.625284198313244,0,0
KOR,Korea,2019,14.66927,East Asia & Pacific,42727.9507570391,,100.0,,4.630712064447167,0,0
LVA,Latvia,2019,5.812749,Europe & Central Asia,32002.7567713817,,100.0,,4.5051873907896205,0,0
LTU,Lithuania,2019,7.042611,Europe & Central Asia,38764.9977287477,,100.0,,4.588439762860089,0,0
LUX,Luxembourg,2019,17.33832,Europe & Central Asia,120962.187770618,,100.0,,5.0826496330522595,0,0
MEX,Mexico,2019,6.061272,North America,20447.8850679641,,100.0,,4.310648395433252,0,0
NLD,Netherlands,2019,10.32719,Europe & Central Asia,59469.0836923272,,100.0,,4.774291246882801,0,0
NZL,New Zealand,2019,16.84859,East Asia & Pacific,45073.2030753169,,100.0,,4.653918421805311,0,0
NOR,Norway,2019,9.548388,Europe & Central Asia,68345.0694174133,,100.0,,4.834707188954341,0,0
POL,Poland,2019,10.09156,Europe & Central Asia,34151.7928122918,,100.0,,4.533413507081925,0,0
PRT,Portugal,2019,6.13362,Europe & Central Asia,36871.8396005497,,100.0,,4.56669480585774,0,0
SVK,Slovak Republic,2019,7.267905,Europe & Central Asia,32557.190775484,,100.0,,4.512646924370115,0,0
SVN,Slovenia,2019,8.222804,Europe & Central Asia,41193.8420369119,,100.0,,4.614832299303248,0,0
ESP,Spain,2019,6.511927,Europe & Central Asia,42185.5861192043,,100.0,,4.625164087497221,0,0
SWE,Sweden,2019,4.883338,Europe & Central Asia,55068.7697360016,,100.0,,4.740905374232618,0,0
CHE,Switzerland,2019,5.440202,Europe & Central Asia,73114.4683604496,,100.0,,4.864003326442838,0,0
TUR,Türkiye,2019,6.066827,Europe & Central Asia,27318.4324996132,,100.0,,4.436455776404132,0,0
GBR,United Kingdom,2019,6.692477,Europe & Central Asia,48513.4975021936,,100.0,,4.685862585513485,0,0
USA,United States,2019,19.50954,North America,65279.529026095,,100.0,,4.814777012441486,0,0
DZA,Algeria,2019,5.287959,Middle East & North Africa,11997.3378341915,,99.5,,4.079084888365513,0,0
ARG,Argentina,2019,7.473238,Latin America & Caribbean,22996.9855202977,,100.0,,4.361670911769728,0,0
BLR,Belarus,2019,9.808526,Europe & Central Asia,20098.5989768733,,100.0,,4.303165784892158,0,0
BRA,Brazil,2019,5.59519,,15388.2349159911,,99.8,,4.187188807602279,0,0
BRN,Brunei Darussalam,2019,25.95554,,64724.1323936862,,100.0,,4.811066237567165,0,0
BGR,Bulgaria,2019,7.72982,,24579.2165450171,,100.0,,4.390568035767745,0,0
CIV,Côte d’Ivoire,2019,1.682472,,5432.99260799494,,68.5501098632813,,3.7350391141430173,1,0
HRV,Croatia,2019,6.225204,,30245.9762157222,,100.0,,4.480667606309374,0,0
CYP,Cyprus,2019,6.542007,,41514.5105084213,,100.0,,4.618199921586143,0,0
EGY,Egypt,2019,3.204049,,12260.7205373863,,100.0,,4.088515993527886,0,0
GEO,Georgia,2019,4.74158,,15623.1529588881,,100.0,,4.193768684756696,0,0
GHA,Ghana,2019,1.366898,,5625.09922020032,,83.5,,3.7501301872999253,1,0
GTM,Guatemala,2019,1.882364,,9019.25606239135,,95.7245712280273,,3.955170716996196,0,0
GNB,Guinea-Bissau,2019,0.7790754,,2021.30194281608,,31.040412902832,,3.3056311934282707,1,0
GUY,Guyana,2019,6.561252,,13635.4481576385,,92.0216903686523,,4.134669416512404,0,0
IDN,Indonesia,2019,3.556219,,12311.5032732923,,98.85,,4.090311084891973,0,0
KAZ,Kazakhstan,2019,19.34913,,27466.2206186576,,100.0,,4.4387989041463145,0,0
KEN,Kenya,2019,1.286968,,4512.9818974701,,69.7,,3.654463591476137,1,0
MYS,Malaysia,2019,9.942006,,29564.0082669859,,100.0,,4.470763315048315,0,0
MDV,Maldives,2019,4.476469,,20357.009142014,,100.0,,4.308713971673898,0,0
MLT,Malta,2019,4.219994,,46766.7666801313,,100.0,,4.66993734507383,0,0
MUS,Mauritius,2019,4.57325,,23837.4692377116,,100.0,,4.377260145596769,0,0
MDA,Moldova,2019,4.370677,,13572.7043738974,,100.0,,4.132666389858948,0,0
NAM,Namibia,2019,3.983455,,10261.5665184184,,55.1951179504395,,4.011213664710794,1,0
NPL,Nepal,2019,1.853793,,4119.92233935514,,89.9,,3.614889029647842,0,0
NGA,Nigeria,2019,1.519398,,5352.67942303108,,55.4,,3.7285712338602304,1,0
PAN,Panama,2019,5.162121,,32761.3753926993,,95.8345565795898,,4.51536212608353,0,0
PER,Peru,2019,3.26907,,13397.2739160483,,98.3466033935547,,4.1270164368975015,0,0
ROU,Romania,2019,5.912965,,32299.9697717021,,100.0,,4.509202115891811,0,0
RUS,Russia,2019,13.99041,,29188.854156647,,100.0,,4.465217046573735,0,0
RWA,Rwanda,2019,0.8924332,,2321.71858979003,,37.7824363708496,,3.365809578749783,1,0
SRB,Serbia,2019,8.99412,,18929.8775996569,,99.8,,4.277147805830387,0,0
SGP,Singapore,2019,9.800837,,102573.401768252,,100.0,,5.011034758798721,0,0
SLB,Solomon Islands,2019,0.8503432,,2773.51236296948,,70.2584915161133,,3.4430301060927913,1,0
ZAF,South Africa,2019,8.34868,,13009.6686271889,,85.0,,4.114266234669493,0,0
UKR,Ukraine,2019,7.569845,,13350.4823150166,,100.0,,4.125496955810443,0,0
UZB,Uzbekistan,2019,5.712653,,7310.96005559841,,100.0,,3.863974411085267,0,0
AUS,Australia,2016,22.74003,East Asia & Pacific,47339.969213264,9.4197998046875,100.0,,4.675227971157198,0,0
AUT,Austria,2016,9.192056,Europe & Central Asia,52684.0171130768,34.6142997741699,100.0,,4.72167888215019,0,0
BEL,Belgium,2016,10.34431,Europe & Central Asia,48597.3999826201,9.20689964294434,100.0,,4.686613034624301,0,0
CAN,Canada,2016,19.9407,North America,46472.3402486315,22.3330001831055,100.0,,4.667194543179874,0,0
CHL,Chile,2016,5.755747,Latin America & Caribbean,23437.5925260344,24.5543994903564,100.0,,4.36991299956638,0,1
COL,Colombia,2016,3.601354,Latin America & Caribbean,13812.0960563446,30.7357997894287,98.4,,4.1402595899927475,0,1
CRI,Costa Rica,2016,3.103583,Latin America & Caribbean,19075.0044669733,36.8058013916016,99.5,,4.2804646483297555,0,1
CZE,Czechia,2016,12.13502,Europe & Central Asia,36097.7052556977,14.7812995910645,100.0,,4.55747959452438,0,0
DNK,Denmark,2016,9.11466,Europe & Central Asia,51976.0057060956,32.1296005249023,100.0,,4.715802901435581,0,0
EST,Estonia,2016,14.84915,Europe & Central Asia,31577.0688451249,26.9139003753662,100.0,,4.499371813972823,0,0
FIN,Finland,2016,10.53471,Europe & Central Asia,44934.4482077785,42.3969993591309,100.0,,4.652579412950253,0,0
FRA,France,2016,7.093895,Europe & Central Asia,42924.613626021,14.4117002487183,100.0,,4.632706394669477,0,0
DEU,Germany,2016,10.84203,Europe & Central Asia,50579.6839299266,14.2413997650146,100.0,,4.70397611113101,0,0
GRC,Greece,2016,8.574775,Europe & Central Asia,27471.2415919272,16.4099998474121,100.0,,4.438878288264295,0,0
HUN,Hungary,2016,6.425023,Europe & Central Asia,27911.664839193,15.2638998031616,100.0,,4.445785741501571,0,0
ISL,Iceland,2016,14.29545,Europe & Central Asia,53480.3971946764,77.4712982177734,100.0,,4.728194624072662,0,0
IRL,Ireland,2016,13.19347,Europe & Central Asia,71697.5287440824,8.49880027770996,100.0,,4.8555041867514195,0,0
ISR,Israel,2016,9.846153,Middle East & North Africa,37794.8075415923,3.97790002822876,100.0,,4.577432138172334,0,0
ITA,Italy,2016,7.262397,Europe & Central Asia,39926.9546628592,16.0921993255615,100.0,,4.6012661866393,0,0
JPN,Japan,2016,10.10148,East Asia & Pacific,39964.2770077463,6.35979986190796,100.0,,4.601671960571593,0,0
KOR,Korea,2016,14.37503,East Asia & Pacific,39575.4542830031,2.54979991912842,100.0,,4.5974259087894565,0,0
LVA,Latvia,2016,5.48277,Europe & Central Asia,26710.1028027328,38.4826011657715,100.0,,4.426675559551648,0,1
LTU,Lithuania,2016,6.866907,Europe & Central Asia,30925.1708493589,31.4717998504639,100.0,,4.490312107613328,0,1
LUX,Luxembourg,2016,17.31256,Europe & Central Asia,110660.866873981,13.4963998794556,100.0,,5.043994067984693,0,0
MEX,Mexico,2016,6.438936,North America,19323.6658689896,9.22010040283203,99.5,,4.286089519369821,0,0
NLD,Netherlands,2016,11.32236,Europe & Central Asia,52288.4150841353,5.63889980316162,100.0,,4.718405478114872,0,0
NZL,New Zealand,2016,17.20145,East Asia & Pacific,39955.8030258734,31.6702995300293,100.0,,4.60157986347711,0,0
NOR,Norway,2016,10.18965,Europe & Central Asia,58939.9126133093,59.4174995422363,100.0,,4.770409487611875,0,0
POL,Poland,2016,10.28008,Europe & Central Asia,28322.1069770904,11.3368997573853,100.0,,4.452125558851285,0,0
PRT,Portugal,2016,6.339368,Europe & Central Asia,31607.7542431733,29.0014991760254,100.0,,4.499793639957095,0,1
SVK,Slovak Republic,2016,7.545991,Europe & Central Asia,29659.3717763701,13.0906000137329,100.0,,4.4721619478742465,0,0
SVN,Slovenia,2016,8.603161,Europe & Central Asia,33936.0440637175,20.7875995635986,100.0,,4.530661215075626,0,0
ESP,Spain,2016,6.855799,Europe & Central Asia,37286.2134326488,17.1770000457764,100.0,,4.571548281221182,0,0
SWE,Sweden,2016,5.360955,Europe & Central Asia,50430.2528196052,51.8549995422363,100.0,,4.702691145392611,0,1
CHE,Switzerland,2016,5.892591,Europe & Central Asia,68105.1549836834,24.1103992462158,100.0,,4.83317998557266,0,1
TUR,Türkiye,2016,6.184704,Europe & Central Asia,26512.0169514886,13.2256002426147,100.0,,4.423442768758409,0,0
GBR,United Kingdom,2016,7.366669,Europe & Central Asia,44149.9999768118,8.680100440979,100.0,,4.64493070768549,0,0
USA,United States,2016,19.98921,North America,58021.4004997125,9.45629978179932,100.0,,4.763588207437283,0,0
DZA,Algeria,2016,5.054544,Middle East & North Africa,11624.3407087852,0.0802000015974045,99.4028701782227,,4.065368330623832,0,0
ARG,Argentina,2016,7.859378,Latin America & Caribbean,20307.870052142,9.37689971923828,99.9560165405273,,4.307664375738169,0,0
BLR,Belarus,2016,9.244925,Europe & Central Asia,17725.7521791512,6.73449993133545,100.0,,4.248604673210463,0,0
BRA,Brazil,2016,5.744674,,14256.163385421,45.5766983032227,99.7,,4.15400266403428,0,1
BRN,Brunei Darussalam,2016,27.08624,,56297.2267116989,0.0074000000022352,100.0,,4.750487001361625,0,0
BGR,Bulgaria,2016,8.108453,,20019.5912818443,17.6730003356934,100.0,,4.301455206717145,0,0
CIV,Côte d’Ivoire,2016,1.795058,,4726.98073995015,64.2783966064453,64.3,,3.6745838327767,1,1
HRV,Croatia,2016,6.025329,,24876.3096691701,31.8474006652832,100.0,,4.395785954427653,0,1
CYP,Cyprus,2016,7.082761,,35719.0663731245,10.4071998596191,100.0,,4.552900098752365,0,0
EGY,Egypt,2016,3.422747,,11192.3730101321,4.91690015792847,100.0,,4.048922175531537,0,0
GEO,Georgia,2016,4.921393,,12858.4834001898,27.645299911499,100.0,,4.1091897485438995,0,1
GHA,Ghana,2016,1.189614,,4844.65822127652,46.4782981872559,79.3,,3.6852631440597885,1,1
GTM,Guatemala,2016,1.926159,,8221.74642722194,63.3282012939453,91.7952346801758,,3.914964078263295,0,1
GNB,Guinea-Bissau,2016,0.7221428,,1746.75274593369,86.7390975952148,23.0492153167725,,3.2422314346473837,1,1
GUY,Guyana,2016,6.111522,,11296.7699725276,21.4074001312256,89.2545547485352,,4.052954285639718,0,1
IDN,Indonesia,2016,3.093477,,10494.4738000481,27.8348007202148,97.62,,4.020960667647851,0,1
KAZ,Kazakhstan,2016,20.0808,,23818.8248260141,2.04390001296997,100.0,,4.376920330439474,0,0
KEN,Kenya,2016,1.255773,,3635.27651517963,70.9737014770508,53.1,,3.5605374508069714,1,1
MYS,Malaysia,2016,10.00872,,25546.1295181653,4.43120002746582,100.0,,4.40732510970615,0,0
MDV,Maldives,2016,3.767199,,17411.2642571085,1.21319997310638,100.0,,4.24083030701345,0,0
MLT,Malta,2016,4.067336,,39886.9498046529,9.25279998779297,100.0,,4.600830826641837,0,0
MUS,Mauritius,2016,4.154706,,20701.2189720364,10.3325996398926,99.5434341430664,,4.315995919236739,0,0
MDA,Moldova,2016,4.138269,,10610.4778427993,25.2954998016357,100.0,,4.025734942790875,0,1
NAM,Namibia,2016,5.007187,,10427.1217561823,28.7101001739502,49.7,,4.018164444772269,1,1
NPL,Nepal,2016,1.544541,,2989.67500637537,79.195198059082,90.7,,3.475623980762875,0,1
NGA,Nigeria,2016,1.523554,,5234.67912691071,82.4570999145508,59.3,,3.7188900656360655,1,1
PAN,Panama,2016,4.467756,,27828.5579200812,22.1005001068115,93.1707153320313,,4.444490701713918,0,1
PER,Peru,2016,3.269104,,12013.3773897006,27.2106990814209,94.2,,4.079665120267894,0,1
ROU,Romania,2016,5.806685,,24271.366104769,24.4260005950928,99.1,,4.385094221122457,0,1
RUS,Russia,2016,13.45777,,24128.0864065399,3.35719990730286,100.0,,4.382522879470527,0,0
RWA,Rwanda,2016,0.7621484,,1882.37238004371,86.0774002075195,29.37,,3.274705541833387,1,1
SRB,Serbia,2016,9.027099,,15858.0356413336,21.0032997131348,100.0,,4.200249389604212,0,0
SGP,Singapore,2016,9.712685,,89417.3490208324,0.68010002374649,100.0,,4.951421790082556,0,0
SLB,Solomon Islands,2016,0.9021343,,2548.62996450083,48.7024993896484,58.4877014160156,,3.4063067848450364,1,1
ZAF,South Africa,2016,8.87429,,12591.5918509652,10.7053003311157,84.2,,4.10008063784326,0,0
UKR,Ukraine,2016,7.525199,,11148.196546631,5.47399997711182,100.0,,4.047204616873418,0,0
UZB,Uzbekistan,2016,5.477135,,6452.92793779539,1.62549996376038,100.0,,3.8097568152090058,0,0
AUS,Australia,2020,20.91176,East Asia & Pacific,52518.3244830382,,,,4.720310862136058,0,0
AUT,Austria,2020,8.370743,Europe & Central Asia,55097.4612258328,,,,4.741131587944101,0,0
BEL,Belgium,2020,9.26923,Europe & Central Asia,51968.1920227771,,,,4.715737607948708,0,0
CAN,Canada,2020,17.87396,North America,48072.583756378,,,,4.681897464774413,0,0
CHL,Chile,2020,5.354269,Latin America & Caribbean,25067.6916009163,,,,4.399114343086967,0,0
COL,Colombia,2020,3.479452,Latin America & Caribbean,14565.3680522873,,,,4.163321463289664,0,0
CRI,Costa Rica,2020,2.90543,Latin America & Caribbean,21031.8175436511,,,,4.322876805499922,0,0
CZE,Czechia,2020,10.56825,Europe & Central Asia,41737.4180409247,,,,4.620525579246396,0,0
DNK,Denmark,2020,7.401293,Europe & Central Asia,60398.4533430492,,,,4.781025817542003,0,0
EST,Estonia,2020,8.526422,Europe & Central Asia,38394.9175345121,,,,4.584273739138301,0,0
FIN,Finland,2020,8.626773,Europe & Central Asia,51089.7853321567,,,,4.708334077877886,0,0
FRA,France,2020,5.997182,Europe & Central Asia,46226.9505356869,,,,4.664895245174933,0,0
DEU,Germany,2020,8.764853,Europe & Central Asia,53694.3547123431,,,,4.729928627484336,0,0
GRC,Greece,2020,7.091454,Europe & Central Asia,28463.7886828947,,,,4.454292706520013,0,0
HUN,Hungary,2020,6.455618,Europe & Central Asia,33084.0962334341,,,,4.519619275410218,0,0
ISL,Iceland,2020,12.5612,Europe & Central Asia,55216.0261783821,,,,4.742065147850124,0,0
IRL,Ireland,2020,11.56396,Europe & Central Asia,93612.1659106094,,,,4.971332293657983,0,0
ISR,Israel,2020,9.061138,Middle East & North Africa,41854.9341515478,,,,4.6217466630097235,0,0
ITA,Italy,2020,6.327091,Europe & Central Asia,41839.9910228994,,,,4.621591582677916,0,0
JPN,Japan,2020,8.894616,East Asia & Pacific,,,,,,0,0
KOR,Korea,2020,13.74816,East Asia & Pacific,43124.2946857302,,,,4.6347220050877,0,0
LVA,Latvia,2020,5.519989,Europe & Central Asia,32019.2223351007,,,,4.505410779810767,0,0
LTU,Lithuania,2020,7.000509,Europe & Central Asia,38734.7293153001,,,,4.5881005253916225,0,0
LUX,Luxembourg,2020,14.37257,Europe & Central Asia,118359.526161843,,,,5.073203217846243,0,0
MEX,Mexico,2020,5.67136,North America,18833.0824152277,,,,4.274921406918823,0,0
NLD,Netherlands,2020,9.330465,Europe & Central Asia,59228.8349537605,,,,4.772533190042104,0,0
NZL,New Zealand,2020,16.05091,East Asia & Pacific,44251.7942246991,,,,4.645930884210992,0,0
NOR,Norway,2020,9.178269,Europe & Central Asia,63197.9814705865,,,,4.800703207235147,0,0
POL,Poland,2020,9.712359,Europe & Central Asia,34264.7597598664,,,,4.534847691199959,0,0
PRT,Portugal,2020,5.530717,Europe & Central Asia,34495.9224734636,,,,4.537767763133266,0,0
SVK,Slovak Republic,2020,6.766585,Europe & Central Asia,31832.394609507,,,,4.502869309892704,0,0
SVN,Slovenia,2020,7.564375,Europe & Central Asia,39593.3074407023,,,,4.597621782208111,0,0
ESP,Spain,2020,5.658686,Europe & Central Asia,38334.6113444231,,,,4.583591064518612,0,0
SWE,Sweden,2020,4.441116,Europe & Central Asia,54563.1214122072,,,,4.736899207200495,0,0
CHE,Switzerland,2020,5.096887,Europe & Central Asia,71352.3525990268,,,,4.853408297057273,0,0
TUR,Türkiye,2020,6.181012,Europe & Central Asia,28119.4530398905,,,,4.449006868834713,0,0
GBR,United Kingdom,2020,6.077576,Europe & Central Asia,44916.2283385249,,,,4.652403280970162,0,0
USA,United States,2020,17.6817,North America,63543.577788724,,,,4.8030716639087565,0,0
DZA,Algeria,2020,5.04874,Middle East & North Africa,11268.2644722324,,,,4.05185703155861,0,0
ARG,Argentina,2020,7.061831,Latin America & Caribbean,20767.6105001703,,,,4.3173865299347485,0,0
BLR,Belarus,2020,9.635014,Europe & Central Asia,20199.6984928506,,,,4.305344887076897,0,0
BRA,Brazil,2020,5.557711,,14836.3071009143,,,,4.171325814333851,0,0
BRN,Brunei Darussalam,2020,33.77179,,65661.6939297088,,,,4.817312082396305,0,0
BGR,Bulgaria,2020,6.911945,,24367.3239228848,,,,4.386807836556902,0,0
CIV,Côte d’Ivoire,2020,1.659335,,5458.23665112582,,,,3.737052361317393,0,0
HRV,Croatia,2020,6.044096,,28503.8805738916,,,,4.454903989731378,0,0
CYP,Cyprus,2020,6.190146,,38458.1912618072,,,,4.58498885495477,0,0
EGY,Egypt,2020,3.088697,,12607.7621145597,,,,4.100638005879245,0,0
GEO,Georgia,2020,4.820012,,14863.0173692196,,,,4.172106985318017,0,0
GHA,Ghana,2020,1.468394,,5596.30707064456,,,,3.7479015363108013,0,0
GTM,Guatemala,2020,1.778021,,8854.20246390959,,,,3.947149448516265,0,0
GNB,Guinea-Bissau,2020,0.7595775,,1948.91954049728,,,,3.2897939100055966,0,0
GUY,Guyana,2020,9.162369,,19705.7926684251,,,,4.294593909112767,0,0
IDN,Indonesia,2020,3.339661,,12073.461509431,,,,4.081831801905238,0,0
KAZ,Kazakhstan,2020,18.43434,,26728.5439182062,,,,4.426975300488202,0,0
KEN,Kenya,2020,1.295409,,4452.20602367052,,,,3.6485752528938056,0,0
MYS,Malaysia,2020,9.816118,,27886.8608901388,,,,4.445399630263957,0,0
MDV,Maldives,2020,3.009546,,13765.6359819057,,,,4.138796280898382,0,0
MLT,Malta,2020,4.025918,,42640.1161038759,,,,4.629818378551442,0,0
MUS,Mauritius,2020,4.344573,,20538.6949103031,,,,4.312572843776292,0,0
MDA,Moldova,2020,4.363438,,13001.550045211,,,,4.113995131995468,0,0
NAM,Namibia,2020,3.381342,,9382.21753673983,,,,3.972305498309547,0,0
NPL,Nepal,2020,1.803851,,4008.74658033482,,,,3.6030086024613235,0,0
NGA,Nigeria,2020,1.452109,,5186.72348377932,,,,3.714893095367816,0,0
PAN,Panama,2020,4.221086,,26775.6944526998,,,,4.427740743483887,0,0
PER,Peru,2020,2.868927,,11879.2358960654,,,,4.07478850657154,0,0
ROU,Romania,2020,5.750749,,31945.7496566328,,,,4.504413083982289,0,0
RUS,Russia,2020,13.49968,,28213.4478382297,,,,4.450456162568697,0,0
RWA,Rwanda,2020,0.8529792,,2213.96118971842,,,,3.3451700035170204,0,0
SRB,Serbia,2020,9.235191,,19230.6300632762,,,,4.283993513490766,0,0
SGP,Singapore,2020,9.581285,,98525.9543531223,,,,4.993550650269815,0,0
SLB,Solomon Islands,2020,0.8599326,,2619.21900713566,,,,3.4181718136653703,0,0
ZAF,South Africa,2020,7.756462,,12095.856289625,,,,4.082636618352765,0,0
UKR,Ukraine,2020,7.278898,,13056.7020745176,,,,4.115833494572403,0,0
UZB,Uzbekistan,2020,5.595903,,7378.25472035915,,,,3.8679536443492895,0,0
