iso3,country_name_ghg,year,ghg_per_capita,region,gdp_per_capita_ppp,renewable_pct,electricity_access_pct,fossil_fuel_pct
AUS,Australia,2023,19.92922,East Asia & Pacific,72272.7092136683,,100.0,0.0
AUT,Austria,2023,7.523844,Europe & Central Asia,73544.6567230487,,100.0,0.0
BEL,Belgium,2023,8.385736,Europe & Central Asia,71946.1447190292,,100.0,0.0
CAN,Canada,2023,17.65728,North America,64219.3173928637,,100.0,0.0
CZE,Czechia,2023,9.441118,Europe & Central Asia,55761.3798291375,,100.0,0.0
DNK,Denmark,2023,6.558307,Europe & Central Asia,77892.2932609904,,100.0,0.0
EST,Estonia,2023,7.945063,Europe & Central Asia,48637.1802208795,,100.0,0.0
FIN,Finland,2023,7.329767,Europe & Central Asia,63414.9936878177,,100.0,0.0
FRA,France,2023,5.653277,Europe & Central Asia,60838.9416716424,,100.0,0.0
DEU,Germany,2023,7.948367,Europe & Central Asia,71684.0311875583,,100.0,0.0
GRC,Greece,2023,7.022876,Europe & Central Asia,42710.5058010314,,100.0,0.0
HUN,Hungary,2023,5.607061,Europe & Central Asia,46592.3856070073,,100.0,0.0
ISL,Iceland,2023,11.988,Europe & Central Asia,81608.4479116436,,100.0,0.0
IRL,Ireland,2023,10.57115,Europe & Central Asia,129682.607150517,,100.0,0.0
ISR,Israel,2023,8.432515,Middle East & North Africa,55171.2318814321,,100.0,0.0
ITA,Italy,2023,6.451943,Europe & Central Asia,60029.871712398,,100.0,0.0
JPN,Japan,2023,8.596324,East Asia & Pacific,50661.7663463109,,100.0,0.0
LVA,Latvia,2023,5.295873,Europe & Central Asia,42576.4060799457,,100.0,0.0
LTU,Lithuania,2023,6.254073,Europe & Central Asia,52348.2468215268,,100.0,0.0
LUX,Luxembourg,2023,11.68083,Europe & Central Asia,150508.218886888,,100.0,0.0
NLD,Netherlands,2023,7.85981,Europe & Central Asia,81728.6904629268,,100.0,0.0
NZL,New Zealand,2023,14.77261,East Asia & Pacific,54697.382252318,,100.0,0.0
NOR,Norway,2023,8.437336,Europe & Central Asia,103637.516843678,,100.0,0.0
POL,Poland,2023,8.979228,Europe & Central Asia,48473.0940286419,,100.0,0.0
PRT,Portugal,2023,5.093018,Europe & Central Asia,49352.8388613032,,100.0,0.0
SVK,Slovak Republic,2023,6.537386,Europe & Central Asia,45973.9406902991,,100.0,0.0
SVN,Slovenia,2023,6.98851,Europe & Central Asia,56064.0974596742,,100.0,0.0
ESP,Spain,2023,5.634706,Europe & Central Asia,55682.2402603093,,100.0,0.0
SWE,Sweden,2023,4.206605,Europe & Central Asia,69226.3272756663,,100.0,0.0
CHE,Switzerland,2023,4.594231,Europe & Central Asia,95141.5960943632,,100.0,0.0
TUR,Türkiye,2023,6.862767,Europe & Central Asia,42786.2004948664,,100.0,0.0
GBR,United Kingdom,2023,5.613822,Europe & Central Asia,59911.3467663209,,100.0,0.0
BLR,Belarus,2023,9.56043,Europe & Central Asia,30834.1773668111,,100.0,0.0
BGR,Bulgaria,2023,6.675433,Europe & Central Asia,38829.1913208102,,100.0,0.0
HRV,Croatia,2023,6.524332,Europe & Central Asia,47759.6982995339,,100.0,0.0
CYP,Cyprus,2023,6.317472,Europe & Central Asia,59874.5703125,,100.0,0.0
KAZ,Kazakhstan,2023,17.01328,Europe & Central Asia,38515.1836009979,,100.0,0.0
LIE,Liechtenstein,2023,4.22602,Europe & Central Asia,,,100.0,
MLT,Malta,2023,4.214103,Europe & Central Asia,67057.2184329891,,100.0,0.0
MCO,Monaco,2023,1.534798,Europe & Central Asia,,,100.0,
ROU,Romania,2023,5.432569,Europe & Central Asia,45981.6027785222,,100.0,0.0
RUS,Russia,2023,14.32121,Europe & Central Asia,44268.73046875,,100.0,0.0
SRB,Serbia,2023,9.169923,Europe & Central Asia,29776.8951752159,,100.0,0.0
UKR,Ukraine,2023,6.171138,Europe & Central Asia,17665.34375,,100.0,0.0
AUS,Australia,2017,22.74916,East Asia & Pacific,48564.8286592372,9.9,100.0,0.0
AUT,Austria,2017,9.391686,Europe & Central Asia,53869.8321183556,34.0,100.0,0.0
BEL,Belgium,2017,10.25028,Europe & Central Asia,50256.0631772784,9.7,100.0,0.0
CAN,Canada,2017,20.03908,North America,48317.3874457163,22.8,100.0,0.0
CHL,Chile,2017,5.696826,Latin America & Caribbean,24295.223766602,24.1,99.7,0.0
COL,Colombia,2017,3.476127,Latin America & Caribbean,14400.6139849314,32.2,98.5,0.0
CRI,Costa Rica,2017,3.16124,Latin America & Caribbean,20499.3442130778,33.3,99.6,0.0
CZE,Czechia,2017,12.21656,Europe & Central Asia,39346.030564257,14.5,100.0,0.0
DNK,Denmark,2017,8.648594,Europe & Central Asia,55271.5976002659,35.0,100.0,0.0
EST,Estonia,2017,15.76337,Europe & Central Asia,34506.6486942506,27.5,100.0,0.0
FIN,Finland,2017,9.988059,Europe & Central Asia,47234.8528600939,44.4,100.0,0.0
FRA,France,2017,7.110206,Europe & Central Asia,44469.1458856805,14.1,100.0,0.0
DEU,Germany,2017,10.616,Europe & Central Asia,54110.2536648812,15.2,100.0,0.0
GRC,Greece,2017,8.950194,Europe & Central Asia,28681.6815585005,16.4,100.0,0.0
HUN,Hungary,2017,6.664885,Europe & Central Asia,29728.0121568801,14.6,100.0,0.0
ISL,Iceland,2017,14.21876,Europe & Central Asia,55638.4920591794,80.8,100.0,0.0
IRL,Ireland,2017,12.87677,Europe & Central Asia,80450.3529336506,10.1,100.0,0.0
ISR,Israel,2017,9.580019,Middle East & North Africa,39470.8681262164,3.9,100.0,0.0
ITA,Italy,2017,7.159425,Europe & Central Asia,42142.3435406885,16.4,100.0,0.0
JPN,Japan,2017,9.992245,East Asia & Pacific,41444.2157443912,6.9,100.0,0.0
KOR,Korea,2017,14.74389,East Asia & Pacific,43155.9100867658,2.8,100.0,0.0
LVA,Latvia,2017,5.551417,Europe & Central Asia,25763.9907709703,42.6,100.0,0.0
LTU,Lithuania,2017,7.007361,Europe & Central Asia,31305.0436934372,33.8,100.0,0.0
LUX,Luxembourg,2017,17.24055,Europe & Central Asia,114985.842235989,15.3,100.0,0.0
MEX,Mexico,2017,6.142427,North America,20488.7150800441,10.1,100.0,0.0
NLD,Netherlands,2017,11.09322,Europe & Central Asia,56037.567993606,6.4,100.0,0.0
NZL,New Zealand,2017,17.17259,East Asia & Pacific,42243.5084459397,28.4,100.0,0.0
NOR,Norway,2017,9.982174,Europe & Central Asia,64589.5559196863,58.9,100.0,0.0
POL,Poland,2017,10.66434,Europe & Central Asia,30170.2818974087,11.1,100.0,0.0
PRT,Portugal,2017,6.846301,Europe & Central Asia,32970.8395386562,24.4,100.0,0.0
SVK,Slovak Republic,2017,7.744914,Europe & Central Asia,30245.7825869756,12.4,100.0,0.0
SVN,Slovenia,2017,8.639655,Europe & Central Asia,36180.0384547624,19.7,100.0,0.0
ESP,Spain,2017,7.111025,Europe & Central Asia,39825.2498116292,15.2,100.0,0.0
SWE,Sweden,2017,5.199349,Europe & Central Asia,51474.1199115161,51.8,100.0,0.0
CHE,Switzerland,2017,5.731875,Europe & Central Asia,68193.5055940262,25.0,100.0,0.0
TUR,Türkiye,2017,6.407755,Europe & Central Asia,28353.5406410966,11.4,100.0,0.0
GBR,United Kingdom,2017,7.134717,Europe & Central Asia,46113.0211677324,8.8,100.0,0.0
USA,United States,2017,19.71985,North America,60047.7190728307,9.7,100.0,0.0
DZA,Algeria,2017,5.087825,Middle East & North Africa,13493.560749484,0.1,99.5,0.0
ARG,Argentina,2017,7.752652,Latin America & Caribbean,23385.0740904917,10.4,100.0,0.0
BLR,Belarus,2017,9.421781,Europe & Central Asia,18413.747563367,7.3,98.7,0.0
BRA,Brazil,2017,5.765045,Latin America & Caribbean,14559.0488897884,45.3,99.8,0.0
BRN,Brunei Darussalam,2017,25.98647,East Asia & Pacific,61657.6802725444,0.0,100.0,0.0
BGR,Bulgaria,2017,8.421081,Europe & Central Asia,22317.2548948063,17.1,98.1,0.0
CIV,Côte d’Ivoire,2017,1.741144,Sub-Saharan Africa,4690.17801861096,62.5,65.6,0.0
HRV,Croatia,2017,6.318025,Europe & Central Asia,27887.7588440919,29.8,100.0,0.0
CUB,Cuba,2017,4.84334,Latin America & Caribbean,,22.0,99.4,0.0
CYP,Cyprus,2017,7.117575,Europe & Central Asia,37768.1171875,10.9,100.0,0.0
EGY,Egypt,2017,3.436196,Middle East & North Africa,11124.7351098149,4.9,100.0,0.0
GEO,Georgia,2017,4.690071,Europe & Central Asia,13718.9378669764,27.5,100.0,0.0
GHA,Ghana,2017,1.265825,Sub-Saharan Africa,5170.96094857439,45.3,79.0,0.0
GTM,Guatemala,2017,1.852833,Latin America & Caribbean,9560.17783462724,65.0,93.3,0.0
GNB,Guinea-Bissau,2017,0.7177915,Sub-Saharan Africa,2081.81287227685,86.8,26.0,
GUY,Guyana,2017,6.172941,Latin America & Caribbean,12243.2225968541,22.1,90.0,
VAT,Holy See,2017,30.69888,Europe & Central Asia,,,,
IDN,Indonesia,2017,3.26231,East Asia & Pacific,10687.6409218443,25.2,98.1,0.0
KAZ,Kazakhstan,2017,20.84414,Europe & Central Asia,23973.0602295651,2.0,100.0,0.0
KEN,Kenya,2017,1.201175,Sub-Saharan Africa,4177.24993580267,68.1,55.8,0.0
LIE,Liechtenstein,2017,5.090501,Europe & Central Asia,,55.3,100.0,
MYS,Malaysia,2017,9.808034,East Asia & Pacific,26415.5960203287,5.2,100.0,0.0
MDV,Maldives,2017,3.957199,South Asia,19767.8893613468,1.3,99.8,
MLT,Malta,2017,4.311118,Europe & Central Asia,45763.7330585065,7.3,100.0,0.0
MUS,Mauritius,2017,4.435731,Sub-Saharan Africa,22897.9700922102,9.4,99.6,0.0
MDA,Moldova,2017,4.155583,Europe & Central Asia,11252.1135465283,26.1,100.0,0.0
MCO,Monaco,2017,2.212514,Europe & Central Asia,,,100.0,
NAM,Namibia,2017,4.37755,Sub-Saharan Africa,9887.9393548255,30.2,52.5,0.0
NPL,Nepal,2017,1.670359,South Asia,3604.70825949747,76.8,86.6,0.0
NGA,Nigeria,2017,1.497191,Sub-Saharan Africa,7036.67414372387,81.6,54.4,0.0
PAN,Panama,2017,4.376703,Latin America & Caribbean,33533.32602165,23.6,93.7,0.0
PER,Peru,2017,3.230646,Latin America & Caribbean,12591.8562879234,27.6,94.8,0.0
ROU,Romania,2017,5.98312,Europe & Central Asia,26943.3085419885,23.4,100.0,0.0
RUS,Russia,2017,13.67797,Europe & Central Asia,25777.904296875,3.2,100.0,0.0
RWA,Rwanda,2017,0.7771127,Sub-Saharan Africa,1967.94286602499,84.5,34.1,0.0
SRB,Serbia,2017,9.189626,Europe & Central Asia,17285.4272257972,20.0,100.0,0.0
SGP,Singapore,2017,10.00177,East Asia & Pacific,95744.1821600957,0.7,100.0,0.0
SLB,Solomon Islands,2017,0.8774037,East Asia & Pacific,2454.04671914243,49.0,62.9,
ZAF,South Africa,2017,8.678108,Sub-Saharan Africa,13738.4385854596,7.9,84.4,0.0
UKR,Ukraine,2017,7.236908,Europe & Central Asia,11536.0810546875,6.5,100.0,0.0
UZB,Uzbekistan,2017,5.397403,Europe & Central Asia,7818.01112977426,1.7,100.0,0.0
VEN,Venezuela,2017,7.086742,Latin America & Caribbean,,14.3,99.2,0.0
AUS,Australia,2015,22.76201,East Asia & Pacific,46464.5867627929,9.4,100.0,92.4085902645688
AUT,Austria,2015,9.180776,Europe & Central Asia,49549.3162311441,34.8,100.0,65.7446718554832
BEL,Belgium,2015,10.52475,Europe & Central Asia,46071.914889496,9.4,100.0,76.2959532196333
CAN,Canada,2015,20.63403,North America,44668.0912814303,22.3,100.0,73.5167429679308
CHL,Chile,2015,5.585496,Latin America & Caribbean,22468.3125745547,25.1,99.7,75.7299683205292
COL,Colombia,2015,3.604959,Latin America & Caribbean,13332.0555048211,31.1,98.2,27.2897009910218
CRI,Costa Rica,2015,2.995665,Latin America & Caribbean,17525.1404625145,38.3,99.4,47.2809930395726
CZE,Czechia,2015,11.94751,Europe & Central Asia,34093.0280593748,14.8,100.0,75.349458412504
DNK,Denmark,2015,8.831057,Europe & Central Asia,48897.2099776611,32.5,100.0,64.2118546852856
EST,Estonia,2015,13.6325,Europe & Central Asia,29712.6299473728,28.2,100.0,14.7458979553125
FIN,Finland,2015,10.04057,Europe & Central Asia,42257.8593791297,43.2,100.0,40.2290546321528
FRA,France,2015,7.074852,Europe & Central Asia,40905.1767750994,13.3,100.0,45.17655073785
DEU,Germany,2015,10.98749,Europe & Central Asia,48545.400721962,14.6,100.0,79.6280369964341
GRC,Greece,2015,8.878441,Europe & Central Asia,26607.7256796976,17.5,100.0,83.8825769351693
HUN,Hungary,2015,6.342242,Europe & Central Asia,26937.7320818864,15.6,100.0,66.1101625958775
ISL,Iceland,2015,14.63909,Europe & Central Asia,49201.0640964553,78.0,100.0,11.6681557626704
IRL,Ireland,2015,12.84987,Europe & Central Asia,71588.2656638378,9.5,100.0,85.1584419832208
ISR,Israel,2015,10.04037,Middle East & North Africa,35870.7927156301,3.7,100.0,
ITA,Italy,2015,7.306344,Europe & Central Asia,37384.3796455406,16.6,100.0,78.9818167175667
JPN,Japan,2015,10.23948,East Asia & Pacific,40898.80697396,6.2,100.0,93.791450810853
KOR,Korea,2015,14.24184,East Asia & Pacific,39794.1961180043,2.7,100.0,83.7249545111828
LVA,Latvia,2015,5.437304,Europe & Central Asia,22543.9183164105,38.1,100.0,58.9693424720148
LTU,Lithuania,2015,6.762146,Europe & Central Asia,26948.5919371645,29.0,100.0,-61.3788549830684
LUX,Luxembourg,2015,18.14989,Europe & Central Asia,107859.685999308,9.1,100.0,80.557939565617
MEX,Mexico,2015,6.157423,North America,19071.4444196466,9.2,99.0,90.902229466453
NLD,Netherlands,2015,11.35148,Europe & Central Asia,50956.6930942185,5.8,100.0,92.0358227419405
NZL,New Zealand,2015,18.05449,East Asia & Pacific,37513.2963872442,29.3,100.0,59.8676753319445
NOR,Norway,2015,10.4499,Europe & Central Asia,60737.8868132779,56.5,100.0,67.1990935878789
POL,Poland,2015,9.996041,Europe & Central Asia,26988.1069013509,11.9,100.0,89.981789775162
PRT,Portugal,2015,6.502329,Europe & Central Asia,29608.0071513956,27.2,100.0,77.4088504318053
SVK,Slovak Republic,2015,7.453356,Europe & Central Asia,30147.9903672541,13.4,100.0,61.4679956079545
SVN,Slovenia,2015,8.179931,Europe & Central Asia,31336.2043858881,21.4,100.0,60.7201711919896
ESP,Spain,2015,7.110942,Europe & Central Asia,35228.6333036223,16.3,100.0,73.5325702286076
SWE,Sweden,2015,5.437399,Europe & Central Asia,48772.0696057277,51.9,100.0,28.0233212225209
CHE,Switzerland,2015,5.914449,Europe & Central Asia,65265.04573356,23.9,100.0,50.718459770259
TUR,Türkiye,2015,6.017152,Europe & Central Asia,25890.0548901058,13.3,100.0,87.4279766169034
GBR,United Kingdom,2015,7.837874,Europe & Central Asia,42515.278865824,7.7,100.0,80.0887890113877
USA,United States,2015,20.65523,North America,56849.4697923159,8.9,100.0,82.3258162759788
DZA,Algeria,2015,5.177589,Middle East & North Africa,13807.3515841478,0.1,99.4,21.6261944417039
ARG,Argentina,2015,7.907748,Latin America & Caribbean,19899.1499275245,9.4,99.7,56.2877376502912
BLR,Belarus,2015,9.338513,Europe & Central Asia,18133.5313085883,6.8,97.4,-1.22713201793634
BRA,Brazil,2015,5.898276,Latin America & Caribbean,14821.4383175183,43.7,99.7,20.8080468349331
BRN,Brunei Darussalam,2015,26.25471,East Asia & Pacific,62707.8264437741,0.0,100.0,83.9758649172129
BGR,Bulgaria,2015,8.418443,Europe & Central Asia,18896.102861651,17.9,96.6,36.0044540423489
CIV,Côte d’Ivoire,2015,1.878543,Sub-Saharan Africa,4403.64296618998,64.5,62.6,3.19031774476553
HRV,Croatia,2015,5.916793,Europe & Central Asia,23749.636747943,33.1,100.0,28.9491579322369
CUB,Cuba,2015,5.264931,Latin America & Caribbean,,21.1,99.0,14.3480911944304
CYP,Cyprus,2015,6.822128,Europe & Central Asia,31380.19921875,10.4,100.0,90.7086388884335
EGY,Egypt,2015,3.355361,Middle East & North Africa,10903.3368231185,5.3,99.3,62.7106573100733
GEO,Georgia,2015,4.87484,Europe & Central Asia,12269.6528932768,27.5,100.0,73.9831016961049
GHA,Ghana,2015,1.141843,Sub-Saharan Africa,5191.37053389659,44.0,74.0,52.7763309052231
GTM,Guatemala,2015,1.855356,Latin America & Caribbean,8934.00261178396,63.3,90.5,37.1328303046182
GNB,Guinea-Bissau,2015,0.7274069,Sub-Saharan Africa,1729.94260310123,87.2,20.1,
GUY,Guyana,2015,6.085563,Latin America & Caribbean,11408.473901349,25.0,88.0,
VAT,Holy See,2015,30.24434,Europe & Central Asia,,,,
IDN,Indonesia,2015,3.153344,East Asia & Pacific,10027.5372996025,26.6,97.5,54.3204501030138
KAZ,Kazakhstan,2015,20.38768,Europe & Central Asia,22484.3651382607,1.7,100.0,
KEN,Kenya,2015,1.18458,Sub-Saharan Africa,3678.32614146019,69.2,41.6,16.0446966269871
LIE,Liechtenstein,2015,5.279607,Europe & Central Asia,,55.5,100.0,
MYS,Malaysia,2015,10.1734,East Asia & Pacific,24526.3942716012,3.4,99.9,67.090436989764
MDV,Maldives,2015,3.612897,South Asia,17875.0989419262,1.5,99.8,
MLT,Malta,2015,4.82424,Europe & Central Asia,38368.7020383117,6.0,100.0,82.3987161613524
MUS,Mauritius,2015,4.04746,Sub-Saharan Africa,20269.523509561,11.5,99.6,83.3412463635896
MDA,Moldova,2015,4.00439,Europe & Central Asia,9197.61838204272,24.7,99.9,81.5491493364742
MCO,Monaco,2015,2.395645,Europe & Central Asia,,,100.0,
NAM,Namibia,2015,4.74826,Sub-Saharan Africa,10465.8920558516,29.3,51.6,75.6400926172033
NPL,Nepal,2015,1.539005,South Asia,2957.30559145504,85.2,82.0,14.4302812274562
NGA,Nigeria,2015,1.524813,Sub-Saharan Africa,7307.83788188925,81.3,52.5,41.6855609438584
PAN,Panama,2015,4.493486,Latin America & Caribbean,27245.2788402631,22.0,91.6,83.0773809320924
PER,Peru,2015,3.211313,Latin America & Caribbean,11600.3873992867,27.4,93.9,32.8482212292054
ROU,Romania,2015,5.878012,Europe & Central Asia,21624.5618152909,23.7,98.8,39.0055100121455
RUS,Russia,2015,13.54438,Europe & Central Asia,23994.013671875,3.2,95.5,49.9404108669885
RWA,Rwanda,2015,0.8212945,Sub-Saharan Africa,1780.74171636863,86.3,22.8,0.0
SRB,Serbia,2015,8.753469,Europe & Central Asia,15546.298142138,21.2,99.9,64.5530819537914
SGP,Singapore,2015,9.832285,East Asia & Pacific,87156.187383315,0.7,100.0,-48.6360699655692
SLB,Solomon Islands,2015,0.8123034,East Asia & Pacific,2353.78235283681,48.6,55.1,
ZAF,South Africa,2015,9.035033,Sub-Saharan Africa,13397.5234813346,7.6,85.3,80.1018513142697
UKR,Ukraine,2015,7.093762,Europe & Central Asia,9921.833984375,4.2,100.0,65.6881469361533
UZB,Uzbekistan,2015,5.430871,Europe & Central Asia,6799.57332842183,1.7,99.9,
VEN,Venezuela,2015,7.611277,Latin America & Caribbean,,15.4,100.0,3.02360811424354
AUS,Australia,2022,19.98485,East Asia & Pacific,66103.1797066957,,100.0,0.0
AUT,Austria,2022,8.110068,Europe & Central Asia,72065.4974270106,,100.0,0.0
BEL,Belgium,2022,8.845402,Europe & Central Asia,69128.1388883843,,100.0,0.0
CAN,Canada,2022,18.02878,North America,63944.1050100687,,100.0,0.0
CHL,Chile,2022,5.679356,Latin America & Caribbean,30932.0010873677,,100.0,0.0
CZE,Czechia,2022,10.72959,Europe & Central Asia,52946.9660854462,,100.0,0.0
DNK,Denmark,2022,7.198875,Europe & Central Asia,78913.6534913127,,100.0,0.0
EST,Estonia,2022,10.48012,Europe & Central Asia,48217.5523106028,,100.0,0.0
FIN,Finland,2022,8.196082,Europe & Central Asia,62133.1375219912,,100.0,0.0
FRA,France,2022,6.074304,Europe & Central Asia,57042.9449013772,,100.0,0.0
DEU,Germany,2022,8.905058,Europe & Central Asia,69048.9884036885,,100.0,0.0
GRC,Greece,2022,7.468909,Europe & Central Asia,39612.4406377916,,100.0,0.0
HUN,Hungary,2022,6.167502,Europe & Central Asia,44365.9108128343,,100.0,0.0
ISL,Iceland,2022,12.57169,Europe & Central Asia,75332.8528345867,,100.0,0.0
IRL,Ireland,2022,11.53821,Europe & Central Asia,138522.517800204,,100.0,0.0
ISR,Israel,2022,8.936344,Middle East & North Africa,53619.0680995095,,100.0,0.0
ITA,Italy,2022,6.91256,Europe & Central Asia,57260.8945372493,,100.0,0.0
JPN,Japan,2022,8.91251,East Asia & Pacific,47192.0500603372,,100.0,0.0
KOR,Korea,2022,13.98723,East Asia & Pacific,55509.3368761174,,100.0,0.0
LVA,Latvia,2022,5.372667,Europe & Central Asia,40558.7495841122,,100.0,0.0
LTU,Lithuania,2022,6.529821,Europe & Central Asia,50936.0049547442,,100.0,0.0
LUX,Luxembourg,2022,12.57329,Europe & Central Asia,146919.145398494,,100.0,0.0
MEX,Mexico,2022,5.919702,North America,23135.4931601276,,100.0,0.0
NLD,Netherlands,2022,8.550703,Europe & Central Asia,78630.3599072098,,100.0,0.0
NZL,New Zealand,2022,15.19625,East Asia & Pacific,54033.9130125651,,100.0,0.0
NOR,Norway,2022,8.954423,Europe & Central Asia,125489.548935602,,100.0,0.0
POL,Poland,2022,9.91145,Europe & Central Asia,46777.5524519162,,100.0,0.0
PRT,Portugal,2022,5.402277,Europe & Central Asia,45250.0148759865,,100.0,0.0
SVK,Slovak Republic,2022,6.731154,Europe & Central Asia,41562.1497793913,,100.0,0.0
SVN,Slovenia,2022,7.355082,Europe & Central Asia,52347.109726538,,100.0,0.0
ESP,Spain,2022,6.111369,Europe & Central Asia,51398.9310403407,,100.0,0.0
SWE,Sweden,2022,4.214768,Europe & Central Asia,67075.6762724717,,100.0,0.0
CHE,Switzerland,2022,4.754273,Europe & Central Asia,94421.4576550424,,100.0,0.0
TUR,Türkiye,2022,6.434767,Europe & Central Asia,39564.1103267333,,100.0,0.0
GBR,United Kingdom,2022,5.954677,Europe & Central Asia,59021.5721805914,,100.0,0.0
USA,United States,2022,18.5727,North America,77860.9112908848,,100.0,0.0
DZA,Algeria,2022,5.281784,Middle East & North Africa,15836.0944370321,,100.0,0.0
ARG,Argentina,2022,7.697249,Latin America & Caribbean,29808.8073468007,,100.0,0.0
AZE,Azerbaijan,2022,7.256195,Europe & Central Asia,22552.0886560523,,100.0,0.0
BLR,Belarus,2022,9.631652,Europe & Central Asia,28429.4948821827,,100.0,0.0
BTN,Bhutan,2022,1.790353,East Asia & Pacific,15063.8105763072,82.5,100.0,
BRA,Brazil,2022,5.865453,Latin America & Caribbean,19876.8533531396,,100.0,0.0
BRN,Brunei Darussalam,2022,29.67097,East Asia & Pacific,81801.7459224403,,100.0,0.0
BGR,Bulgaria,2022,8.555132,Europe & Central Asia,36320.1422295192,,100.0,0.0
CIV,Côte d’Ivoire,2022,2.695429,Sub-Saharan Africa,6719.44381557637,,72.0,0.0
HRV,Croatia,2022,6.276711,Europe & Central Asia,42125.0726930931,,100.0,0.0
CUB,Cuba,2022,4.466265,Latin America & Caribbean,,,100.0,0.0
CYP,Cyprus,2022,6.261792,Europe & Central Asia,55876.17578125,,100.0,0.0
EGY,Egypt,2022,3.429381,Middle East & North Africa,17526.8017030166,,100.0,0.0
GEO,Georgia,2022,5.296077,Europe & Central Asia,22461.3326414547,,100.0,0.0
GHA,Ghana,2022,1.446825,Sub-Saharan Africa,7208.15798982723,,85.1,0.0
GTM,Guatemala,2022,1.847079,Latin America & Caribbean,13014.0153809826,,99.1,0.0
GNB,Guinea-Bissau,2022,0.7657315,Sub-Saharan Africa,2788.83773937954,87.4,37.4,
GUY,Guyana,2022,10.29586,Latin America & Caribbean,39710.9695607531,12.1,93.0,
VAT,Holy See,2022,31.39618,Europe & Central Asia,,,,
IDN,Indonesia,2022,3.839404,East Asia & Pacific,14284.929293133,,100.0,0.0
KAZ,Kazakhstan,2022,17.19394,Europe & Central Asia,35895.0839871667,,100.0,0.0
KEN,Kenya,2022,1.222736,Sub-Saharan Africa,5883.22303961921,,76.0,0.0
LBN,Lebanon,2022,3.571952,Middle East & North Africa,12292.8407305501,,100.0,0.0
LIE,Liechtenstein,2022,4.195264,Europe & Central Asia,,56.9,100.0,
MDV,Maldives,2022,4.502358,South Asia,22880.5123151419,1.2,100.0,
MLT,Malta,2022,4.278131,Europe & Central Asia,60588.8890591794,,100.0,0.0
MUS,Mauritius,2022,4.624897,Sub-Saharan Africa,26874.4899927593,,100.0,0.0
MDA,Moldova,2022,4.260492,Europe & Central Asia,16452.9621192,,100.0,0.0
MCO,Monaco,2022,1.671067,Europe & Central Asia,,,100.0,
MAR,Morocco,2022,2.655225,Middle East & North Africa,9310.0322265625,,100.0,0.0
NAM,Namibia,2022,4.355369,Sub-Saharan Africa,10662.7017064119,,56.2,0.0
NPL,Nepal,2022,1.959157,South Asia,5102.99231132947,,91.3,0.0
NGA,Nigeria,2022,1.472081,Sub-Saharan Africa,8304.9581050353,,60.5,0.0
ROU,Romania,2022,5.721738,Europe & Central Asia,41979.2586767087,,100.0,0.0
RUS,Russia,2022,13.91034,Europe & Central Asia,40938.98828125,,100.0,0.0
RWA,Rwanda,2022,0.9296069,Sub-Saharan Africa,3098.67700634994,79.9,50.6,0.0
SRB,Serbia,2022,9.226242,Europe & Central Asia,26142.8279237665,,100.0,0.0
SGP,Singapore,2022,10.36283,East Asia & Pacific,143094.949896959,,100.0,0.0
SLB,Solomon Islands,2022,0.7385193,East Asia & Pacific,2496.22734577831,50.1,76.0,
ZAF,South Africa,2022,7.626128,Sub-Saharan Africa,14749.0478045301,,86.5,0.0
THA,Thailand,2022,5.356871,East Asia & Pacific,22243.0747727026,,99.9,0.0
UKR,Ukraine,2022,5.826824,Europe & Central Asia,14770.0712890625,,100.0,0.0
URY,Uruguay,2022,11.06299,Latin America & Caribbean,33000.918699951,,100.0,0.0
UZB,Uzbekistan,2022,5.999439,Europe & Central Asia,10292.5309427485,,100.0,0.0
VEN,Venezuela,2022,5.68212,Latin America & Caribbean,,,100.0,0.0
AUS,Australia,2018,22.44748,East Asia & Pacific,50371.233830782,9.8,100.0,0.0
AUT,Austria,2018,8.984918,Europe & Central Asia,56636.4953030542,34.1,100.0,0.0
BEL,Belgium,2018,10.26945,Europe & Central Asia,52466.7330784599,10.7,100.0,0.0
CAN,Canada,2018,20.0309,North America,49982.5999118346,22.3,100.0,0.0
CHL,Chile,2018,5.672374,Latin America & Caribbean,25305.0903462611,25.5,100.0,0.0
COL,Colombia,2018,3.619326,Latin America & Caribbean,15239.4049488277,30.4,98.5,0.0
CRI,Costa Rica,2018,3.200677,Latin America & Caribbean,21498.0350746836,33.1,99.7,0.0
CZE,Czechia,2018,11.98083,Europe & Central Asia,41638.1831076596,14.7,100.0,0.0
DNK,Denmark,2018,8.580415,Europe & Central Asia,57233.6231685618,34.6,100.0,0.0
EST,Estonia,2018,15.09539,Europe & Central Asia,37120.9879761677,28.6,100.0,0.0
FIN,Finland,2018,10.1648,Europe & Central Asia,49248.6775395866,44.2,100.0,0.0
FRA,France,2018,6.790996,Europe & Central Asia,46381.0590629457,15.2,100.0,0.0
DEU,Germany,2018,10.22998,Europe & Central Asia,56273.0405627017,16.0,100.0,0.0
GRC,Greece,2018,8.667607,Europe & Central Asia,29792.0592519585,17.9,100.0,0.0
HUN,Hungary,2018,6.668178,Europe & Central Asia,32258.2577892511,13.6,100.0,0.0
ISL,Iceland,2018,14.01085,Europe & Central Asia,57197.7676247175,81.4,100.0,0.0
IRL,Ireland,2018,12.64129,Europe & Central Asia,86299.3420216976,10.8,100.0,0.0
ISR,Israel,2018,9.441315,Middle East & North Africa,40189.9909957069,3.8,100.0,0.0
ITA,Italy,2018,7.105342,Europe & Central Asia,43386.7005868803,17.1,100.0,0.0
JPN,Japan,2018,9.639091,East Asia & Pacific,42141.9352987758,7.3,100.0,0.0
KOR,Korea,2018,15.17932,East Asia & Pacific,45511.0803506331,3.2,100.0,0.0
LVA,Latvia,2018,5.843408,Europe & Central Asia,29817.8047263182,41.0,100.0,0.0
LTU,Lithuania,2018,6.951449,Europe & Central Asia,36491.9385223689,33.7,100.0,0.0
LUX,Luxembourg,2018,17.40738,Europe & Central Asia,116638.414163882,16.0,100.0,0.0
MEX,Mexico,2018,6.075221,North America,20921.4775277572,10.3,99.5,0.0
NLD,Netherlands,2018,10.73006,Europe & Central Asia,58819.2609142584,7.4,100.0,0.0
NZL,New Zealand,2018,16.9124,East Asia & Pacific,42527.2784103301,28.9,100.0,0.0
NOR,Norway,2018,9.944004,Europe & Central Asia,70253.8463693386,58.9,100.0,0.0
POL,Poland,2018,10.67059,Europe & Central Asia,32345.1066076225,15.1,100.0,0.0
PRT,Portugal,2018,6.491846,Europe & Central Asia,34896.7993382974,27.5,100.0,0.0
SVK,Slovak Republic,2018,7.707138,Europe & Central Asia,31509.8187291635,12.4,100.0,0.0
SVN,Slovenia,2018,8.531396,Europe & Central Asia,38620.2045436305,20.6,100.0,0.0
ESP,Spain,2018,6.955995,Europe & Central Asia,41015.1565755187,16.9,100.0,0.0
SWE,Sweden,2018,5.05477,Europe & Central Asia,53122.438677218,51.6,100.0,0.0
CHE,Switzerland,2018,5.508288,Europe & Central Asia,70688.8187491194,24.2,100.0,0.0
TUR,Türkiye,2018,6.275307,Europe & Central Asia,28640.3401839802,11.8,100.0,0.0
GBR,United Kingdom,2018,6.976843,Europe & Central Asia,47212.2045190522,10.2,100.0,0.0
USA,United States,2018,20.15406,North America,62875.6661382728,9.9,100.0,0.0
DZA,Algeria,2018,5.262534,Middle East & North Africa,13727.1266357859,0.2,99.6,0.0
ARG,Argentina,2018,7.699173,Latin America & Caribbean,24410.3919063335,10.5,100.0,0.0
BLR,Belarus,2018,9.746824,Europe & Central Asia,20025.9815543598,7.2,99.3,0.0
BRA,Brazil,2018,5.63276,Latin America & Caribbean,15463.7426393743,46.9,99.7,0.0
BRN,Brunei Darussalam,2018,25.09908,East Asia & Pacific,65148.8264035521,0.0,100.0,0.0
BGR,Bulgaria,2018,7.861728,Europe & Central Asia,23997.6876896184,19.6,98.7,0.0
CIV,Côte d’Ivoire,2018,1.710556,Sub-Saharan Africa,4945.62520575915,60.5,67.1,0.0
HRV,Croatia,2018,6.123429,Europe & Central Asia,29789.1305400916,32.8,100.0,0.0
CUB,Cuba,2018,4.803382,Latin America & Caribbean,,24.0,99.6,0.0
CYP,Cyprus,2018,6.939748,Europe & Central Asia,40262.30859375,12.0,100.0,0.0
EGY,Egypt,2018,3.463126,Middle East & North Africa,12329.2446781436,5.0,100.0,0.0
GEO,Georgia,2018,4.652597,Europe & Central Asia,15021.9057577433,27.4,99.9,0.0
GHA,Ghana,2018,1.312229,Sub-Saharan Africa,5536.49795400218,42.1,80.4,0.0
GTM,Guatemala,2018,1.868301,Latin America & Caribbean,9946.80252245268,64.0,94.2,0.0
GNB,Guinea-Bissau,2018,0.6934381,Sub-Saharan Africa,2057.96969129146,86.6,28.4,
GUY,Guyana,2018,6.167833,Latin America & Caribbean,12442.5087185876,16.8,90.9,
VAT,Holy See,2018,29.40696,Europe & Central Asia,,,,
IDN,Indonesia,2018,3.378282,East Asia & Pacific,11372.0971987612,22.0,98.5,0.0
KAZ,Kazakhstan,2018,21.34503,Europe & Central Asia,25096.1285862615,1.9,100.0,0.0
KEN,Kenya,2018,1.223337,Sub-Saharan Africa,4411.56104120886,68.7,61.2,0.0
LIE,Liechtenstein,2018,4.732372,Europe & Central Asia,,56.8,100.0,
MYS,Malaysia,2018,9.79379,East Asia & Pacific,27793.5674222948,5.3,100.0,0.0
MDV,Maldives,2018,4.197021,South Asia,21899.4292993843,1.3,100.0,
MLT,Malta,2018,4.165486,Europe & Central Asia,48178.2920560941,7.6,100.0,0.0
MUS,Mauritius,2018,4.478291,Sub-Saharan Africa,23415.5237589118,9.2,99.8,0.0
MDA,Moldova,2018,4.406259,Europe & Central Asia,11868.1955463223,25.3,100.0,0.0
MCO,Monaco,2018,2.261659,Europe & Central Asia,,,100.0,
MAR,Morocco,2018,2.586243,Middle East & North Africa,7801.0986328125,10.9,98.1,0.0
NAM,Namibia,2018,4.198732,Sub-Saharan Africa,9853.73533646074,30.9,52.3,0.0
NPL,Nepal,2018,1.761065,South Asia,3956.12461094443,75.0,93.9,0.0
NGA,Nigeria,2018,1.512795,Sub-Saharan Africa,7158.17107571781,80.8,56.5,0.0
PAN,Panama,2018,4.362435,Latin America & Caribbean,32463.5403500842,24.5,93.8,0.0
PER,Peru,2018,3.189103,Latin America & Caribbean,13078.2323503405,27.9,95.2,0.0
ROU,Romania,2018,6.048876,Europe & Central Asia,29382.7567479407,23.0,99.8,0.0
RUS,Russia,2018,14.07665,Europe & Central Asia,28628.5625,3.2,100.0,0.0
RWA,Rwanda,2018,0.7978748,Sub-Saharan Africa,2125.49522712839,82.8,38.0,0.0
SRB,Serbia,2018,9.022214,Europe & Central Asia,18469.022619005,21.0,100.0,0.0
SGP,Singapore,2018,10.08684,East Asia & Pacific,103963.36329269,0.8,100.0,0.0
SLB,Solomon Islands,2018,0.8389294,East Asia & Pacific,2493.97675737551,48.6,65.8,
ZAF,South Africa,2018,8.537099,Sub-Saharan Africa,13347.3634826038,8.0,84.7,0.0
UKR,Ukraine,2018,7.631061,Europe & Central Asia,12554.8486328125,6.9,100.0,0.0
UZB,Uzbekistan,2018,5.80262,Europe & Central Asia,8128.75520303523,1.5,100.0,0.0
VEN,Venezuela,2018,6.191895,Latin America & Caribbean,,14.6,99.9,0.0
AUS,Australia,2014,22.74019,East Asia & Pacific,47108.5906459966,9.3,100.0,92.1303249972753
AUT,Austria,2014,9.033319,Europe & Central Asia,48355.4977624407,35.7,100.0,65.0375293839374
BEL,Belgium,2014,10.21425,Europe & Central Asia,45147.6429534057,9.1,100.0,72.7601177085285
CAN,Canada,2014,20.97687,North America,45758.1007297304,22.2,100.0,74.3072940366545
CHL,Chile,2014,5.283227,Latin America & Caribbean,22553.6161787372,27.0,100.0,76.0638394134275
COL,Colombia,2014,3.509622,Latin America & Caribbean,13355.3624162195,32.1,97.8,62.4490230103264
CRI,Costa Rica,2014,3.075124,Latin America & Caribbean,16393.8095428323,37.6,99.4,48.2377466247926
CZE,Czechia,2014,11.91482,Europe & Central Asia,32743.489773169,14.8,100.0,73.9740382544337
DNK,Denmark,2014,9.377474,Europe & Central Asia,47879.5955558233,30.2,100.0,67.50530308518
EST,Estonia,2014,15.96656,Europe & Central Asia,29403.6584494815,25.3,100.0,15.7466116982443
FIN,Finland,2014,10.7283,Europe & Central Asia,41547.0984485393,41.2,100.0,41.9617975513844
FRA,France,2014,7.046576,Europe & Central Asia,40218.1258637776,13.2,100.0,45.0352121657311
DEU,Germany,2014,10.98049,Europe & Central Asia,47938.7968210418,14.0,100.0,79.3957288542964
GRC,Greece,2014,9.174307,Europe & Central Asia,26450.181326726,16.4,100.0,85.8514763736282
HUN,Hungary,2014,6.00465,Europe & Central Asia,25796.2100959256,15.7,100.0,65.3462673027725
ISL,Iceland,2014,14.53881,Europe & Central Asia,45996.9687476901,77.6,100.0,10.9096604926827
IRL,Ireland,2014,12.47143,Europe & Central Asia,52640.7843918553,8.8,100.0,84.9011662601824
ISR,Israel,2014,9.849664,Middle East & North Africa,34816.2422460071,3.7,100.0,
ITA,Italy,2014,7.120819,Europe & Central Asia,36665.68576775,17.1,100.0,78.5887352149793
JPN,Japan,2014,10.5282,East Asia & Pacific,39555.4120089198,5.6,100.0,95.0909540310789
KOR,Korea,2014,14.33164,East Asia & Pacific,37032.1724172561,2.9,100.0,84.837677016859
LVA,Latvia,2014,5.373127,Europe & Central Asia,21553.6623204436,40.2,100.0,56.7125719593452
LTU,Lithuania,2014,6.594755,Europe & Central Asia,26274.7488764946,27.7,100.0,68.1948652301111
LUX,Luxembourg,2014,19.4309,Europe & Central Asia,105296.284588232,6.8,100.0,83.1188430288718
MEX,Mexico,2014,6.141273,North America,18820.7991098584,9.8,99.2,89.516999817291
NLD,Netherlands,2014,10.9876,Europe & Central Asia,49751.3092860822,5.6,100.0,93.2981887679315
NZL,New Zealand,2014,18.4279,East Asia & Pacific,37331.3155732447,29.0,100.0,60.8657651177121
NOR,Norway,2014,10.45206,Europe & Central Asia,66332.4614374198,55.8,100.0,58.7135472017842
POL,Poland,2014,9.929695,Europe & Central Asia,25459.7392273761,11.6,100.0,90.0737317204914
PRT,Portugal,2014,6.078352,Europe & Central Asia,28764.5254955042,30.5,100.0,72.7805736947789
SVK,Slovak Republic,2014,7.319902,Europe & Central Asia,29108.072180194,12.2,100.0,62.4581924695215
SVN,Slovenia,2014,8.093888,Europe & Central Asia,30571.9753019832,22.9,100.0,59.6566780751409
ESP,Spain,2014,6.857054,Europe & Central Asia,33760.9555646369,17.3,100.0,71.7388098678952
SWE,Sweden,2014,5.515628,Europe & Central Asia,46841.4019746739,48.6,100.0,29.5874205091071
CHE,Switzerland,2014,6.044053,Europe & Central Asia,63417.0438110319,22.2,100.0,49.2043626679746
TUR,Türkiye,2014,5.997226,Europe & Central Asia,24192.537613837,11.5,100.0,91.3802710997426
GBR,United Kingdom,2014,8.215401,Europe & Central Asia,41266.8197795309,6.6,100.0,82.9732271356392
USA,United States,2014,21.37271,North America,55153.3940182967,9.0,100.0,83.4019897520666
DZA,Algeria,2014,5.151576,Middle East & North Africa,14694.143827383,0.1,99.3,97.0302900324726
ARG,Argentina,2014,7.848993,Latin America & Caribbean,19487.4181748868,9.8,100.0,92.3836622192159
BLR,Belarus,2014,9.893406,Europe & Central Asia,19037.8847440186,6.7,96.8,92.8514440851526
BRA,Brazil,2014,6.026185,Latin America & Caribbean,15827.3081625749,41.7,99.7,58.8412201603963
BRN,Brunei Darussalam,2014,27.43803,East Asia & Pacific,81225.5485449793,0.0,100.0,99.9718900881513
BGR,Bulgaria,2014,7.927114,Europe & Central Asia,17990.7621498811,17.1,95.9,71.9161104454373
CIV,Côte d’Ivoire,2014,1.577156,Sub-Saharan Africa,4074.21445539789,71.9,61.9,34.1595191336343
HRV,Croatia,2014,5.758433,Europe & Central Asia,22706.1799469484,33.6,100.0,70.8748159731388
CUB,Cuba,2014,5.227796,Latin America & Caribbean,,23.2,98.7,94.5848718252967
CYP,Cyprus,2014,6.882424,Europe & Central Asia,29892.7109375,9.5,100.0,91.9006736410977
EGY,Egypt,2014,3.07912,Middle East & North Africa,10256.4367553616,5.4,99.8,90.2206573455579
GEO,Georgia,2014,4.477543,Europe & Central Asia,11770.6989360253,30.7,100.0,71.3923935449501
GHA,Ghana,2014,1.128611,Sub-Saharan Africa,5517.13178763566,47.7,78.3,52.6743906404964
GTM,Guatemala,2014,1.703142,Latin America & Caribbean,8236.65929901849,66.2,85.5,41.6565859076073
GNB,Guinea-Bissau,2014,0.6962806,Sub-Saharan Africa,1455.90813665193,87.3,17.2,
GUY,Guyana,2014,6.078437,Latin America & Caribbean,11145.0291198724,24.0,86.9,
VAT,Holy See,2014,30.32221,Europe & Central Asia,,,,
IDN,Indonesia,2014,3.069394,East Asia & Pacific,10064.677127417,29.3,97.0,81.0824658333214
KAZ,Kazakhstan,2014,20.52191,Europe & Central Asia,23958.1128890603,1.3,100.0,
KEN,Kenya,2014,1.147807,Sub-Saharan Africa,3359.48950665093,71.8,36.0,17.9258722426036
LIE,Liechtenstein,2014,5.356115,Europe & Central Asia,,55.0,100.0,
MYS,Malaysia,2014,10.23582,East Asia & Pacific,24306.5212338415,3.0,99.7,97.9403237804626
MDV,Maldives,2014,3.68893,South Asia,16722.523852619,1.2,100.0,
MLT,Malta,2014,6.549833,Europe & Central Asia,35205.7012669646,4.5,100.0,97.3823335627365
MUS,Mauritius,2014,4.015156,Sub-Saharan Africa,19294.4682829555,10.6,99.5,85.0556234220937
MDA,Moldova,2014,3.968441,Europe & Central Asia,8643.06431435343,24.3,99.8,80.2245742858812
MCO,Monaco,2014,2.346737,Europe & Central Asia,,,100.0,
MAR,Morocco,2014,2.459603,Middle East & North Africa,7237.27734375,11.1,97.3,88.3645731918633
NAM,Namibia,2014,4.751163,Sub-Saharan Africa,10365.3090596781,30.2,48.4,75.5016466636717
NPL,Nepal,2014,1.496792,South Asia,2901.19752086169,84.0,84.9,15.1763198580422
NGA,Nigeria,2014,1.563994,Sub-Saharan Africa,7396.12835532947,79.9,54.2,39.1677770531867
PAN,Panama,2014,4.204799,Latin America & Caribbean,24376.0808599604,19.8,90.8,84.4099938740646
PER,Peru,2014,3.223498,Latin America & Caribbean,11517.7371710247,28.6,92.9,86.1902367660519
ROU,Romania,2014,5.914941,Europe & Central Asia,20632.9924390362,24.3,98.4,73.0867018814082
RUS,Russia,2014,13.6596,Europe & Central Asia,25688.2265625,3.3,100.0,92.3829682310696
RWA,Rwanda,2014,0.7338822,Sub-Saharan Africa,1677.56869684182,88.0,19.8,0.0
SRB,Serbia,2014,7.617867,Europe & Central Asia,15296.1484591287,23.2,99.7,83.7593645706375
SGP,Singapore,2014,9.636294,East Asia & Pacific,84555.2446100826,0.6,100.0,93.0398651536326
SLB,Solomon Islands,2014,0.8533567,East Asia & Pacific,2377.38397015815,45.9,50.5,
ZAF,South Africa,2014,9.387836,Sub-Saharan Africa,13358.9417186608,7.6,85.9,94.1188203880702
UKR,Ukraine,2014,8.028714,Europe & Central Asia,10493.7451171875,3.5,100.0,75.3571271035037
UZB,Uzbekistan,2014,5.650603,Europe & Central Asia,6609.76717277708,1.4,99.8,
VEN,Venezuela,2014,8.367807,Latin America & Caribbean,,12.1,100.0,90.1216070050478
AUS,Australia,2019,21.86902,East Asia & Pacific,52885.8313816377,10.3,100.0,0.0
AUT,Austria,2019,9.08026,Europe & Central Asia,60354.9279422121,34.0,100.0,0.0
BEL,Belgium,2019,10.12343,Europe & Central Asia,56712.469571978,10.2,100.0,0.0
CAN,Canada,2019,19.77897,North America,50498.9731057448,22.4,100.0,0.0
CHL,Chile,2019,5.682408,Latin America & Caribbean,25611.7578269458,25.3,100.0,0.0
COL,Colombia,2019,3.683094,Latin America & Caribbean,16181.5908990662,31.5,99.4,0.0
CRI,Costa Rica,2019,3.187736,Latin America & Caribbean,23339.6091317787,33.4,99.7,0.0
CZE,Czechia,2019,11.46535,Europe & Central Asia,45614.0171132532,15.9,100.0,0.0
DNK,Denmark,2019,7.870842,Europe & Central Asia,60594.966400191,37.2,100.0,0.0
EST,Estonia,2019,10.93776,Europe & Central Asia,40586.3784378888,31.3,100.0,0.0
FIN,Finland,2019,9.53934,Europe & Central Asia,52276.1115723992,45.4,100.0,0.0
FRA,France,2019,6.62196,Europe & Central Asia,51130.4723140578,15.5,100.0,0.0
DEU,Germany,2019,9.550692,Europe & Central Asia,59270.7276496985,17.1,100.0,0.0
GRC,Greece,2019,8.052013,Europe & Central Asia,31927.3792151369,18.5,100.0,0.0
HUN,Hungary,2019,6.646106,Europe & Central Asia,35627.2315520858,13.6,100.0,0.0
ISL,Iceland,2019,13.29792,Europe & Central Asia,60523.8179440825,81.7,100.0,0.0
IRL,Ireland,2019,12.11575,Europe & Central Asia,92022.59879983,12.3,100.0,0.0
ISR,Israel,2019,9.402014,Middle East & North Africa,41325.1783656756,4.5,100.0,0.0
ITA,Italy,2019,6.926384,Europe & Central Asia,46661.9105159611,17.3,100.0,0.0
JPN,Japan,2019,9.373204,East Asia & Pacific,42678.1511448354,7.8,100.0,0.0
KOR,Korea,2019,14.66927,East Asia & Pacific,46511.2196957018,3.2,100.0,0.0
LVA,Latvia,2019,5.812749,Europe & Central Asia,32199.0960377091,41.5,100.0,0.0
LTU,Lithuania,2019,7.042611,Europe & Central Asia,40563.8304884555,33.5,100.0,0.0
LUX,Luxembourg,2019,17.33832,Europe & Central Asia,121371.73990307,16.4,100.0,0.0
MEX,Mexico,2019,6.061272,North America,20964.2774847072,10.3,99.6,0.0
NLD,Netherlands,2019,10.32719,Europe & Central Asia,62345.2538465433,8.6,100.0,0.0
NZL,New Zealand,2019,16.84859,East Asia & Pacific,45278.4587226734,28.0,100.0,0.0
NOR,Norway,2019,9.548388,Europe & Central Asia,70939.605518036,59.8,100.0,0.0
POL,Poland,2019,10.09156,Europe & Central Asia,35882.3655065553,15.6,100.0,0.0
PRT,Portugal,2019,6.13362,Europe & Central Asia,37865.5603564295,28.2,100.0,0.0
SVK,Slovak Republic,2019,7.267905,Europe & Central Asia,33985.6758419661,17.6,100.0,0.0
SVN,Slovenia,2019,8.222804,Europe & Central Asia,42373.2506369279,20.9,100.0,0.0
ESP,Spain,2019,6.511927,Europe & Central Asia,44042.757577336,16.7,100.0,0.0
SWE,Sweden,2019,4.883338,Europe & Central Asia,57046.4463076951,52.9,100.0,0.0
CHE,Switzerland,2019,5.440202,Europe & Central Asia,73732.2353322093,24.8,100.0,0.0
TUR,Türkiye,2019,6.066827,Europe & Central Asia,29016.4555653445,14.1,100.0,0.0
GBR,United Kingdom,2019,6.692477,Europe & Central Asia,50064.9605582187,11.4,100.0,0.0
USA,United States,2019,19.50954,North America,65227.9565911035,10.2,100.0,0.0
DZA,Algeria,2019,5.287959,Middle East & North Africa,13892.5333446205,0.2,99.5,0.0
ARG,Argentina,2019,7.473238,Latin America & Caribbean,23516.8261980886,10.7,100.0,0.0
BLR,Belarus,2019,9.808526,Europe & Central Asia,22301.5932411839,7.8,100.0,0.0
BTN,Bhutan,2019,1.872337,East Asia & Pacific,12909.1009840399,81.0,100.0,
BRA,Brazil,2019,5.59519,Latin America & Caribbean,16069.838015161,47.5,99.8,0.0
BRN,Brunei Darussalam,2019,25.95554,East Asia & Pacific,69353.6799514849,0.0,100.0,0.0
BGR,Bulgaria,2019,7.72982,Europe & Central Asia,26765.7192049867,19.3,99.2,0.0
CIV,Côte d’Ivoire,2019,1.682472,Sub-Saharan Africa,5516.39055126829,61.1,68.6,0.0
HRV,Croatia,2019,6.225204,Europe & Central Asia,33063.9101734438,31.6,100.0,0.0
CUB,Cuba,2019,4.692558,Latin America & Caribbean,,23.1,99.8,0.0
CYP,Cyprus,2019,6.542007,Europe & Central Asia,44393.9921875,12.0,100.0,0.0
EGY,Egypt,2019,3.204049,Middle East & North Africa,13363.732696323,6.2,100.0,0.0
GEO,Georgia,2019,4.74158,Europe & Central Asia,16770.1333771469,24.7,100.0,0.0
GHA,Ghana,2019,1.366898,Sub-Saharan Africa,6002.55044678386,42.6,83.5,0.0
GTM,Guatemala,2019,1.882364,Latin America & Caribbean,10755.8801029589,62.8,95.4,0.0
GNB,Guinea-Bissau,2019,0.7790754,Sub-Saharan Africa,2247.31303739185,86.2,30.9,
GUY,Guyana,2019,6.561252,Latin America & Caribbean,13240.9713761155,11.3,91.6,
VAT,Holy See,2019,29.66224,Europe & Central Asia,,,,
IDN,Indonesia,2019,3.556219,East Asia & Pacific,11986.4701508376,19.8,98.9,0.0
KAZ,Kazakhstan,2019,19.34913,Europe & Central Asia,28689.2710838374,1.9,100.0,0.0
KEN,Kenya,2019,1.286968,Sub-Saharan Africa,4687.37782325306,68.1,69.7,0.0
LIE,Liechtenstein,2019,4.868305,Europe & Central Asia,,56.1,100.0,
MYS,Malaysia,2019,9.942006,East Asia & Pacific,28933.928297233,5.7,100.0,0.0
MDV,Maldives,2019,4.476469,South Asia,23077.2112236652,1.3,100.0,
MLT,Malta,2019,4.219994,Europe & Central Asia,51392.8152819605,7.4,100.0,0.0
MUS,Mauritius,2019,4.57325,Sub-Saharan Africa,24374.7818286566,8.9,100.0,0.0
MDA,Moldova,2019,4.370677,Europe & Central Asia,13413.2232935126,22.0,100.0,0.0
MCO,Monaco,2019,2.157267,Europe & Central Asia,,,100.0,
NAM,Namibia,2019,3.983455,Sub-Saharan Africa,9609.48555672874,30.2,53.3,0.0
NPL,Nepal,2019,1.853793,South Asia,4260.67373190851,78.2,89.9,0.0
NGA,Nigeria,2019,1.519398,Sub-Saharan Africa,7551.39380367192,80.1,55.4,0.0
PAN,Panama,2019,5.162121,Latin America & Caribbean,33239.7332276186,19.0,93.9,0.0
PER,Peru,2019,3.26907,Latin America & Caribbean,13563.5372933551,27.1,95.6,0.0
ROU,Romania,2019,5.912965,Europe & Central Asia,33425.326172666,23.5,100.0,0.0
RUS,Russia,2019,13.99041,Europe & Central Asia,30963.853515625,3.2,99.8,0.0
RWA,Rwanda,2019,0.8924332,Sub-Saharan Africa,2336.03967302732,81.8,46.6,0.0
SAU,Saudi Arabia,2019,22.00738,Middle East & North Africa,59560.2537904546,0.0,100.0,0.0
SRB,Serbia,2019,8.99412,Europe & Central Asia,20587.382536041,21.4,99.8,0.0
SGP,Singapore,2019,9.800837,East Asia & Pacific,105335.291974111,0.9,100.0,0.0
SLB,Solomon Islands,2019,0.8503432,East Asia & Pacific,2512.01387973448,48.4,69.4,
ZAF,South Africa,2019,8.34868,Sub-Saharan Africa,13361.4851289112,8.7,85.0,0.0
UKR,Ukraine,2019,7.569845,Europe & Central Asia,14217.486328125,7.4,100.0,0.0
UZB,Uzbekistan,2019,5.712653,Europe & Central Asia,8544.08026729718,1.6,100.0,0.0
VEN,Venezuela,2019,5.560651,Latin America & Caribbean,,15.8,99.8,0.0
AUS,Australia,2016,22.74003,East Asia & Pacific,47446.2103030951,9.6,100.0,0.0
AUT,Austria,2016,9.192056,Europe & Central Asia,52397.8635176674,34.6,100.0,0.0
BEL,Belgium,2016,10.34431,Europe & Central Asia,48414.5518065681,9.2,100.0,0.0
CAN,Canada,2016,19.9407,North America,46470.6466391109,22.1,100.0,0.0
CHL,Chile,2016,5.755747,Latin America & Caribbean,23256.5036042211,24.6,100.0,0.0
COL,Colombia,2016,3.601354,Latin America & Caribbean,14026.8399931053,30.5,98.4,0.0
CRI,Costa Rica,2016,3.103583,Latin America & Caribbean,19201.7453233396,34.1,99.5,0.0
CZE,Czechia,2016,12.13502,Europe & Central Asia,36445.0485732064,14.8,100.0,0.0
DNK,Denmark,2016,9.11466,Europe & Central Asia,51820.9521305491,32.0,100.0,0.0
EST,Estonia,2016,14.84915,Europe & Central Asia,31947.7769107437,27.2,100.0,0.0
FIN,Finland,2016,10.53471,Europe & Central Asia,44562.4011072067,42.4,100.0,0.0
FRA,France,2016,7.093895,Europe & Central Asia,42880.2351355431,14.2,100.0,0.0
DEU,Germany,2016,10.84203,Europe & Central Asia,51569.9016841199,14.2,100.0,0.0
GRC,Greece,2016,8.574775,Europe & Central Asia,27504.5497984948,16.4,100.0,0.0
HUN,Hungary,2016,6.425023,Europe & Central Asia,28178.9450366919,15.3,100.0,0.0
ISL,Iceland,2016,14.29545,Europe & Central Asia,53480.3971946764,80.9,100.0,0.0
IRL,Ireland,2016,13.19347,Europe & Central Asia,73012.8198720374,8.6,100.0,0.0
ISR,Israel,2016,9.846153,Middle East & North Africa,38189.1610278241,4.0,100.0,0.0
ITA,Italy,2016,7.262397,Europe & Central Asia,40482.562999856,16.1,100.0,0.0
JPN,Japan,2016,10.10148,East Asia & Pacific,40596.9686628995,6.4,100.0,0.0
KOR,Korea,2016,14.37503,East Asia & Pacific,41672.6278317077,2.6,100.0,0.0
LVA,Latvia,2016,5.48277,Europe & Central Asia,24063.4511245109,38.5,100.0,0.0
LTU,Lithuania,2016,6.866907,Europe & Central Asia,28698.9887868061,31.5,100.0,0.0
LUX,Luxembourg,2016,17.31256,Europe & Central Asia,113365.176082265,13.5,100.0,0.0
MEX,Mexico,2016,6.438936,North America,20104.5839787472,9.2,99.5,0.0
NLD,Netherlands,2016,11.32236,Europe & Central Asia,53162.2791598028,5.6,100.0,0.0
NZL,New Zealand,2016,17.20145,East Asia & Pacific,39988.9250855472,30.1,100.0,0.0
NOR,Norway,2016,10.18965,Europe & Central Asia,59280.1992028829,57.7,100.0,0.0
POL,Poland,2016,10.28008,Europe & Central Asia,28359.6927346266,11.3,100.0,0.0
PRT,Portugal,2016,6.339368,Europe & Central Asia,31589.2695609552,29.0,100.0,0.0
SVK,Slovak Republic,2016,7.545991,Europe & Central Asia,29867.9803390081,13.1,100.0,0.0
SVN,Slovenia,2016,8.603161,Europe & Central Asia,33575.1775435757,21.0,100.0,0.0
ESP,Spain,2016,6.855799,Europe & Central Asia,37612.7188681342,16.7,100.0,0.0
SWE,Sweden,2016,5.360955,Europe & Central Asia,50289.7687144136,50.9,100.0,0.0
CHE,Switzerland,2016,5.892591,Europe & Central Asia,67350.7518747757,24.1,100.0,0.0
TUR,Türkiye,2016,6.184704,Europe & Central Asia,26730.7599731835,13.2,100.0,0.0
GBR,United Kingdom,2016,7.366669,Europe & Central Asia,44085.2025586772,7.7,100.0,0.0
USA,United States,2016,19.98921,North America,57976.628204291,9.3,100.0,0.0
DZA,Algeria,2016,5.054544,Middle East & North Africa,13437.8460232169,0.1,99.4,0.0
ARG,Argentina,2016,7.859378,Latin America & Caribbean,20105.761359796,9.4,99.9,0.0
BLR,Belarus,2016,9.244925,Europe & Central Asia,17832.4778855815,6.7,98.0,0.0
BRA,Brazil,2016,5.744674,Latin America & Caribbean,14309.2061488342,45.4,99.7,0.0
BRN,Brunei Darussalam,2016,27.08624,East Asia & Pacific,56679.5185221407,0.0,100.0,0.0
BGR,Bulgaria,2016,8.108453,Europe & Central Asia,20745.8472094399,17.7,97.3,0.0
CIV,Côte d’Ivoire,2016,1.795058,Sub-Saharan Africa,4530.64849808487,64.0,64.3,0.0
HRV,Croatia,2016,6.025329,Europe & Central Asia,25802.6823323622,31.8,100.0,0.0
CUB,Cuba,2016,5.114254,Latin America & Caribbean,,19.2,99.2,0.0
CYP,Cyprus,2016,7.082761,Europe & Central Asia,35246.90234375,10.3,100.0,0.0
EGY,Egypt,2016,3.422747,Middle East & North Africa,10665.6676499685,5.1,100.0,0.0
GEO,Georgia,2016,4.921393,Europe & Central Asia,13065.294157468,27.2,100.0,0.0
GHA,Ghana,2016,1.189614,Sub-Saharan Africa,5011.07931572904,45.2,79.3,0.0
GTM,Guatemala,2016,1.926159,Latin America & Caribbean,9201.42836046353,63.2,91.8,0.0
GNB,Guinea-Bissau,2016,0.7221428,Sub-Saharan Africa,1824.3730977071,86.8,22.9,
GUY,Guyana,2016,6.111522,Latin America & Caribbean,11516.3798289577,21.3,89.0,
VAT,Holy See,2016,29.30915,Europe & Central Asia,,,,
IND,India,2016,2.198557,South Asia,5800.48149366552,33.0,89.6,0.0
IDN,Indonesia,2016,3.093477,East Asia & Pacific,10262.5951651871,27.8,97.6,0.0
KAZ,Kazakhstan,2016,20.0808,Europe & Central Asia,23023.0872293899,2.1,100.0,0.0
KEN,Kenya,2016,1.255773,Sub-Saharan Africa,3916.65315673095,68.3,53.1,0.0
LIE,Liechtenstein,2016,4.973462,Europe & Central Asia,,55.8,100.0,
MYS,Malaysia,2016,10.00872,East Asia & Pacific,25285.8213541391,4.4,99.9,0.0
MDV,Maldives,2016,3.767199,South Asia,18769.5060607629,1.2,100.0,
MLT,Malta,2016,4.067336,Europe & Central Asia,40999.9620259653,9.2,100.0,0.0
MUS,Mauritius,2016,4.154706,Sub-Saharan Africa,21951.8307433111,10.3,99.7,0.0
MDA,Moldova,2016,4.138269,Europe & Central Asia,10325.8404896126,25.3,99.9,0.0
MCO,Monaco,2016,2.329862,Europe & Central Asia,,,100.0,
MAR,Morocco,2016,2.473351,Middle East & North Africa,7853.17626953125,11.1,97.8,0.0
NAM,Namibia,2016,5.007187,Sub-Saharan Africa,10200.1392609733,29.2,49.7,0.0
NPL,Nepal,2016,1.544541,South Asia,2976.12513681451,79.4,90.7,0.0
NGA,Nigeria,2016,1.523554,Sub-Saharan Africa,7072.49693372311,81.1,59.3,0.0
PAN,Panama,2016,4.467756,Latin America & Caribbean,30276.7088496195,22.1,92.4,0.0
PER,Peru,2016,3.269104,Latin America & Caribbean,12066.5460683317,27.2,94.2,0.0
ROU,Romania,2016,5.806685,Europe & Central Asia,23905.1743665679,24.4,99.1,0.0
RUS,Russia,2016,13.45777,Europe & Central Asia,24012.40234375,3.4,99.4,0.0
RWA,Rwanda,2016,0.7621484,Sub-Saharan Africa,1866.38968530286,85.5,29.4,0.0
SRB,Serbia,2016,9.027099,Europe & Central Asia,16455.4261201487,20.9,99.9,0.0
SGP,Singapore,2016,9.712685,East Asia & Pacific,89901.8159165036,0.7,100.0,0.0
SLB,Solomon Islands,2016,0.9021343,East Asia & Pacific,2421.18991118943,48.7,58.2,
ZAF,South Africa,2016,8.87429,Sub-Saharan Africa,13519.3235102376,7.8,83.9,0.0
UKR,Ukraine,2016,7.525199,Europe & Central Asia,10864.6572265625,5.5,100.0,0.0
UZB,Uzbekistan,2016,5.477135,Europe & Central Asia,6919.29475621804,1.6,99.9,0.0
VEN,Venezuela,2016,7.393056,Latin America & Caribbean,,14.6,99.4,0.0
AUS,Australia,2021,20.40214,East Asia & Pacific,58327.4146842325,12.3,100.0,0.0
AUT,Austria,2021,8.706675,Europe & Central Asia,62968.9422311892,36.0,100.0,0.0
BEL,Belgium,2021,9.486282,Europe & Central Asia,60669.2137746531,11.7,100.0,0.0
CAN,Canada,2021,18.03644,North America,56995.1176781351,23.8,100.0,0.0
CHL,Chile,2021,5.687362,Latin America & Caribbean,29089.850459728,24.2,100.0,0.0
COL,Colombia,2021,3.584791,Latin America & Caribbean,17383.0901728295,29.7,100.0,0.0
CRI,Costa Rica,2021,3.193075,Latin America & Caribbean,23852.9253020002,34.2,100.0,0.0
CZE,Czechia,2021,11.09741,Europe & Central Asia,47796.0337408466,17.2,100.0,0.0
DNK,Denmark,2021,7.524057,Europe & Central Asia,69715.1809680929,39.5,100.0,0.0
EST,Estonia,2021,9.437351,Europe & Central Asia,44251.5374983455,38.0,100.0,0.0
FIN,Finland,2021,8.616688,Europe & Central Asia,56790.3766177692,50.2,100.0,0.0
FRA,France,2021,6.340007,Europe & Central Asia,52517.3354905855,16.2,100.0,0.0
DEU,Germany,2021,9.097411,Europe & Central Asia,62530.7653199239,17.6,100.0,0.0
GRC,Greece,2021,7.373946,Europe & Central Asia,33531.15511226,21.5,100.0,0.0
HUN,Hungary,2021,6.594334,Europe & Central Asia,38887.1909527154,15.3,100.0,0.0
ISL,Iceland,2021,12.69083,Europe & Central Asia,61610.2132740715,82.4,100.0,0.0
IRL,Ireland,2021,11.97744,Europe & Central Asia,116903.61243517,12.7,100.0,0.0
ISR,Israel,2021,8.796155,Middle East & North Africa,46162.0822730247,6.2,100.0,0.0
ITA,Italy,2021,6.885666,Europe & Central Asia,49825.3934111848,17.5,100.0,0.0
JPN,Japan,2021,9.108153,East Asia & Pacific,44355.3487163354,8.8,100.0,0.0
KOR,Korea,2021,14.29121,East Asia & Pacific,51718.2518656631,3.6,100.0,0.0
LVA,Latvia,2021,5.681176,Europe & Central Asia,36912.0130602161,44.0,100.0,0.0
LTU,Lithuania,2021,7.056945,Europe & Central Asia,45873.5273239486,33.2,100.0,0.0
LUX,Luxembourg,2021,14.68809,Europe & Central Asia,136772.443753292,20.5,100.0,0.0
MEX,Mexico,2021,5.632792,North America,20782.5877417545,13.0,100.0,0.0
NLD,Netherlands,2021,9.402311,Europe & Central Asia,68573.5648786446,12.2,100.0,0.0
NZL,New Zealand,2021,16.02921,East Asia & Pacific,48248.7176729892,28.9,100.0,0.0
NOR,Norway,2021,9.105592,Europe & Central Asia,88984.1386736515,61.4,100.0,0.0
POL,Poland,2021,10.48352,Europe & Central Asia,41059.5847829682,15.2,100.0,0.0
PRT,Portugal,2021,5.388249,Europe & Central Asia,38657.6677223425,32.3,100.0,0.0
SVK,Slovak Republic,2021,7.510327,Europe & Central Asia,38346.0935768177,17.9,100.0,0.0
SVN,Slovenia,2021,7.593741,Europe & Central Asia,45914.0572392406,23.4,100.0,0.0
ESP,Spain,2021,6.024189,Europe & Central Asia,44251.6658222621,19.0,100.0,0.0
SWE,Sweden,2021,4.581526,Europe & Central Asia,62731.700616293,57.9,100.0,0.0
CHE,Switzerland,2021,5.209583,Europe & Central Asia,81001.4111206118,27.7,100.0,0.0
TUR,Türkiye,2021,6.622971,Europe & Central Asia,32105.5474400506,12.0,100.0,0.0
GBR,United Kingdom,2021,6.265779,Europe & Central Asia,51004.4271714238,12.2,100.0,0.0
USA,United States,2021,18.60527,North America,71307.4017277218,10.9,100.0,0.0
DZA,Algeria,2021,5.380772,Middle East & North Africa,14496.8654697299,0.1,99.8,0.0
ARG,Argentina,2021,7.557831,Latin America & Caribbean,26300.274261175,9.2,100.0,0.0
AZE,Azerbaijan,2021,7.010887,Europe & Central Asia,20111.3756952109,1.3,100.0,0.0
BLR,Belarus,2021,9.960464,Europe & Central Asia,27611.1801135157,8.2,100.0,0.0
BTN,Bhutan,2021,1.905872,East Asia & Pacific,13458.812666743,81.8,100.0,
BRA,Brazil,2021,5.888017,Latin America & Caribbean,18075.7060048757,46.5,99.5,0.0
BRN,Brunei Darussalam,2021,33.40891,East Asia & Pacific,78248.797127611,0.0,100.0,0.0
BGR,Bulgaria,2021,7.856872,Europe & Central Asia,30959.1118459807,20.4,99.8,0.0
CHN,China (People’s Republic of),2021,10.03497,East Asia & Pacific,20843.2978347377,15.2,100.0,0.0
CIV,Côte d’Ivoire,2021,2.909439,Sub-Saharan Africa,6045.20480490879,58.2,71.1,0.0
HRV,Croatia,2021,6.224454,Europe & Central Asia,36930.2841941405,34.1,100.0,0.0
CUB,Cuba,2021,4.437665,Latin America & Caribbean,,20.9,100.0,0.0
CYP,Cyprus,2021,6.207363,Europe & Central Asia,47632.76953125,15.6,100.0,0.0
EGY,Egypt,2021,3.278952,Middle East & North Africa,15579.0160861551,6.1,100.0,0.0
GEO,Georgia,2021,4.943908,Europe & Central Asia,18915.6534005263,25.2,100.0,0.0
GHA,Ghana,2021,1.443062,Sub-Saharan Africa,6607.50297378321,39.0,86.3,0.0
GTM,Guatemala,2021,1.93884,Latin America & Caribbean,11825.141273764,62.1,97.9,0.0
GNB,Guinea-Bissau,2021,0.753656,Sub-Saharan Africa,2522.76764302521,87.4,35.8,
GUY,Guyana,2021,7.857966,Latin America & Caribbean,22865.9270968882,13.2,92.9,
VAT,Holy See,2021,29.63985,Europe & Central Asia,,,,
IDN,Indonesia,2021,3.461016,East Asia & Pacific,12757.0746440204,20.2,99.2,0.0
IRQ,Iraq,2021,4.728294,Middle East & North Africa,12731.7535755129,1.1,100.0,0.0
KAZ,Kazakhstan,2021,16.20224,Europe & Central Asia,32945.8515725823,2.0,100.0,0.0
KEN,Kenya,2021,1.300705,Sub-Saharan Africa,5338.85243382781,67.7,76.5,0.0
LBN,Lebanon,2021,3.716709,Middle East & North Africa,11599.7755083765,6.8,100.0,0.0
LIE,Liechtenstein,2021,4.678162,Europe & Central Asia,,53.6,100.0,
MYS,Malaysia,2021,9.595771,East Asia & Pacific,29822.8491831618,7.5,100.0,0.0
MDV,Maldives,2021,4.390248,South Asia,19052.6224904311,1.4,100.0,
MLT,Malta,2021,4.005686,Europe & Central Asia,56852.3218512267,8.6,100.0,0.0
MUS,Mauritius,2021,4.510886,Sub-Saharan Africa,23010.2013826905,8.6,99.6,0.0
MDA,Moldova,2021,4.831095,Europe & Central Asia,15682.0703284653,21.4,100.0,0.0
MCO,Monaco,2021,1.892956,Europe & Central Asia,,,100.0,
MAR,Morocco,2021,2.734579,Middle East & North Africa,8623.265625,10.9,100.0,0.0
NAM,Namibia,2021,3.76657,Sub-Saharan Africa,9709.09930646771,30.0,55.2,0.0
NPL,Nepal,2021,1.944893,South Asia,4546.22970006289,73.7,89.9,0.0
NGA,Nigeria,2021,1.471587,Sub-Saharan Africa,7588.47885596359,80.3,59.5,0.0
PAN,Panama,2021,4.722124,Latin America & Caribbean,30932.7627809145,28.0,95.3,0.0
PER,Peru,2021,3.320794,Latin America & Caribbean,15280.5512106486,30.6,95.6,0.0
ROU,Romania,2021,5.994079,Europe & Central Asia,37534.1559176911,23.6,100.0,0.0
RUS,Russia,2021,13.91481,Europe & Central Asia,38638.4296875,3.5,100.0,0.0
RWA,Rwanda,2021,0.8892792,Sub-Saharan Africa,2733.43566762447,79.4,48.7,0.0
SAU,Saudi Arabia,2021,22.85849,Middle East & North Africa,62690.4966645929,0.1,100.0,0.0
SRB,Serbia,2021,9.060741,Europe & Central Asia,23406.4036315634,27.2,100.0,0.0
SGP,Singapore,2021,10.50314,East Asia & Pacific,132617.354020876,1.1,100.0,0.0
SLB,Solomon Islands,2021,0.8096753,East Asia & Pacific,2449.87009821452,49.1,76.3,
ZAF,South Africa,2021,7.89189,Sub-Saharan Africa,13681.9548144813,9.7,89.3,0.0
THA,Thailand,2021,5.099677,East Asia & Pacific,20242.7700035656,19.0,100.0,0.0
UKR,Ukraine,2021,7.529293,Europe & Central Asia,17846.408203125,8.9,100.0,0.0
URY,Uruguay,2021,11.52196,Latin America & Caribbean,29431.8850087471,57.8,100.0,0.0
UZB,Uzbekistan,2021,6.196108,Europe & Central Asia,9247.64382703929,1.0,99.9,0.0
VEN,Venezuela,2021,7.581178,Latin America & Caribbean,,33.7,100.0,0.0
AUS,Australia,2020,20.91176,East Asia & Pacific,54184.1614486854,11.2,100.0,0.0
AUT,Austria,2020,8.370743,Europe & Central Asia,58523.0337816246,35.8,100.0,0.0
BEL,Belgium,2020,9.26923,Europe & Central Asia,56120.0958420466,12.3,100.0,0.0
CAN,Canada,2020,17.87396,North America,48590.6832121939,23.9,100.0,0.0
CHL,Chile,2020,5.354269,Latin America & Caribbean,25350.8635082972,26.7,100.0,0.0
COL,Colombia,2020,3.479452,Latin America & Caribbean,15519.2101694656,32.0,99.7,0.0
CRI,Costa Rica,2020,2.90543,Latin America & Caribbean,22099.8678127394,36.4,99.9,0.0
CZE,Czechia,2020,10.56825,Europe & Central Asia,44839.4822099455,17.0,100.0,0.0
DNK,Denmark,2020,7.401293,Europe & Central Asia,62682.2899474389,39.5,100.0,0.0
EST,Estonia,2020,8.526422,Europe & Central Asia,40672.1340402132,40.4,100.0,0.0
FIN,Finland,2020,8.626773,Europe & Central Asia,53296.5792798852,47.3,100.0,0.0
FRA,France,2020,5.997182,Europe & Central Asia,49481.8044309655,16.8,100.0,0.0
DEU,Germany,2020,8.764853,Europe & Central Asia,58685.872699771,18.5,100.0,0.0
GRC,Greece,2020,7.091454,Europe & Central Asia,29533.087740299,20.1,100.0,0.0
HUN,Hungary,2020,6.455618,Europe & Central Asia,35583.5855675637,14.8,100.0,0.0
ISL,Iceland,2020,12.5612,Europe & Central Asia,55796.7454667632,82.9,100.0,0.0
IRL,Ireland,2020,11.56396,Europe & Central Asia,97799.9225748607,13.7,100.0,0.0
ISR,Israel,2020,9.061138,Middle East & North Africa,40955.2856179152,5.6,100.0,0.0
ITA,Italy,2020,6.327091,Europe & Central Asia,44435.6434393527,18.7,100.0,0.0
JPN,Japan,2020,8.894616,East Asia & Pacific,42425.6946789651,8.5,100.0,0.0
KOR,Korea,2020,13.74816,East Asia & Pacific,47881.4921344193,3.6,100.0,0.0
LVA,Latvia,2020,5.519989,Europe & Central Asia,32741.4207691987,43.8,100.0,0.0
LTU,Lithuania,2020,7.000509,Europe & Central Asia,41262.7276941725,31.7,100.0,0.0
LUX,Luxembourg,2020,14.37257,Europe & Central Asia,122066.739147202,20.8,100.0,0.0
MEX,Mexico,2020,5.67136,North America,19354.1248706244,12.3,99.4,0.0
NLD,Netherlands,2020,9.330465,Europe & Central Asia,62596.6302027524,10.7,100.0,0.0
NZL,New Zealand,2020,16.05091,East Asia & Pacific,45513.3123768343,28.7,100.0,0.0
NOR,Norway,2020,9.178269,Europe & Central Asia,67110.6045705502,60.9,100.0,0.0
POL,Poland,2020,9.712359,Europe & Central Asia,37089.3004256812,16.1,100.0,0.0
PRT,Portugal,2020,5.530717,Europe & Central Asia,35966.712796561,31.3,100.0,0.0
SVK,Slovak Republic,2020,6.766585,Europe & Central Asia,35327.9439165588,17.6,100.0,0.0
SVN,Slovenia,2020,7.564375,Europe & Central Asia,41767.2579899957,22.7,100.0,0.0
ESP,Spain,2020,5.658686,Europe & Central Asia,39327.8479269599,19.3,100.0,0.0
SWE,Sweden,2020,4.441116,Europe & Central Asia,57489.2657196219,57.8,100.0,0.0
CHE,Switzerland,2020,5.096887,Europe & Central Asia,72997.8239503282,26.4,100.0,0.0
TUR,Türkiye,2020,6.181012,Europe & Central Asia,29209.3308866883,13.7,100.0,0.0
GBR,United Kingdom,2020,6.077576,Europe & Central Asia,48230.0477027461,13.6,100.0,0.0
USA,United States,2020,17.6817,North America,64401.5074354209,11.0,100.0,0.0
DZA,Algeria,2020,5.04874,Middle East & North Africa,12676.5130564294,0.1,99.7,0.0
ARG,Argentina,2020,7.061831,Latin America & Caribbean,22393.3479575353,9.8,100.0,0.0
AZE,Azerbaijan,2020,6.580966,Europe & Central Asia,15163.5703327282,1.3,100.0,0.0
BLR,Belarus,2020,9.635014,Europe & Central Asia,24872.3066744528,8.4,100.0,0.0
BTN,Bhutan,2020,1.910724,East Asia & Pacific,12475.048003428,83.9,100.0,
BRA,Brazil,2020,5.557711,Latin America & Caribbean,16101.6183062954,50.0,99.7,0.0
BRN,Brunei Darussalam,2020,33.77179,East Asia & Pacific,69787.9632795717,0.0,100.0,0.0
BGR,Bulgaria,2020,6.911945,Europe & Central Asia,27351.8607448601,21.1,99.7,0.0
CHN,China (People’s Republic of),2020,9.652851,East Asia & Pacific,18267.4783455827,14.9,100.0,0.0
CIV,Côte d’Ivoire,2020,1.659335,Sub-Saharan Africa,5543.85096318939,61.8,69.9,0.0
HRV,Croatia,2020,6.044096,Europe & Central Asia,31594.0111922141,32.4,100.0,0.0
CUB,Cuba,2020,4.470159,Latin America & Caribbean,,24.5,99.9,0.0
CYP,Cyprus,2020,6.190146,Europe & Central Asia,42569.0546875,15.0,100.0,0.0
EGY,Egypt,2020,3.088697,Middle East & North Africa,15231.865417764,6.7,100.0,0.0
GEO,Georgia,2020,4.820012,Europe & Central Asia,16791.2598654465,23.4,100.0,0.0
GHA,Ghana,2020,1.468394,Sub-Saharan Africa,6047.30111673554,40.0,85.4,0.0
GTM,Guatemala,2020,1.778021,Latin America & Caribbean,10947.3711292197,65.5,96.6,0.0
GNB,Guinea-Bissau,2020,0.7595775,Sub-Saharan Africa,2339.79326967821,87.2,33.4,
GUY,Guyana,2020,9.162369,Latin America & Caribbean,16819.4228714695,12.0,92.3,
VAT,Holy See,2020,30.21183,Europe & Central Asia,,,,
IDN,Indonesia,2020,3.339661,East Asia & Pacific,11729.3674458448,21.9,97.0,0.0
IRQ,Iraq,2020,4.717297,Middle East & North Africa,10573.9304750715,1.1,100.0,0.0
KAZ,Kazakhstan,2020,18.43434,Europe & Central Asia,29039.8229624509,1.8,100.0,0.0
KEN,Kenya,2020,1.295409,Sub-Saharan Africa,4792.57315847182,69.0,71.5,0.0
LBN,Lebanon,2020,4.437867,Middle East & North Africa,16259.7051312281,6.3,100.0,0.0
LIE,Liechtenstein,2020,4.631047,Europe & Central Asia,,55.2,100.0,
MYS,Malaysia,2020,9.816118,East Asia & Pacific,27474.7361378236,7.0,100.0,0.0
MDV,Maldives,2020,3.009546,South Asia,13425.3674459601,1.6,100.0,
MLT,Malta,2020,4.025918,Europe & Central Asia,49971.8784010216,9.2,100.0,0.0
MUS,Mauritius,2020,4.344573,Sub-Saharan Africa,21621.5971225158,9.4,99.5,0.0
MDA,Moldova,2020,4.363438,Europe & Central Asia,13527.4413130967,22.3,100.0,0.0
MCO,Monaco,2020,1.804676,Europe & Central Asia,,,100.0,
MAR,Morocco,2020,2.56891,Middle East & North Africa,7704.84912109375,11.1,100.0,0.0
NAM,Namibia,2020,3.381342,Sub-Saharan Africa,9354.13136713077,31.2,52.3,0.0
NPL,Nepal,2020,1.803851,South Asia,4235.57462326905,73.1,89.9,0.0
NGA,Nigeria,2020,1.452109,Sub-Saharan Africa,7414.7749554048,81.8,55.4,0.0
PAN,Panama,2020,4.221086,Latin America & Caribbean,27017.0033790906,28.5,95.3,0.0
PER,Peru,2020,2.868927,Latin America & Caribbean,12563.3038060893,31.6,96.2,0.0
ROU,Romania,2020,5.750749,Europe & Central Asia,34193.8374521868,24.1,100.0,0.0
RUS,Russia,2020,13.49968,Europe & Central Asia,31490.8046875,3.7,99.9,0.0
RWA,Rwanda,2020,0.8529792,Sub-Saharan Africa,2284.89889795328,81.7,45.2,0.0
SAU,Saudi Arabia,2020,22.25867,Middle East & North Africa,47518.4877485153,0.1,100.0,0.0
SRB,Serbia,2020,9.235191,Europe & Central Asia,21013.0512590365,26.0,100.0,0.0
SGP,Singapore,2020,9.581285,East Asia & Pacific,101518.31798444,0.9,100.0,0.0
SLB,Solomon Islands,2020,0.8599326,East Asia & Pacific,2405.31509364704,49.0,72.9,
ZAF,South Africa,2020,7.756462,Sub-Saharan Africa,12671.0862436851,9.8,90.0,0.0
THA,Thailand,2020,5.205036,East Asia & Pacific,19163.7415152349,20.9,100.0,0.0
UKR,Ukraine,2020,7.278898,Europe & Central Asia,15541.02734375,8.7,100.0,0.0
URY,Uruguay,2020,10.70697,Latin America & Caribbean,25725.258216942,61.2,100.0,0.0
UZB,Uzbekistan,2020,5.595903,Europe & Central Asia,8451.72505108114,1.0,100.0,0.0
VEN,Venezuela,2020,7.609905,Latin America & Caribbean,,31.2,99.9,0.0
