iso3,country_name_ghg,year,ghg_per_capita,region,ghg_change_pct,ghg_change_abs
AUS,Australia,2023,19.92922,East Asia & Pacific,-12.36,-2.811
AUT,Austria,2023,7.523844,Europe & Central Asia,-16.71,-1.509
BEL,Belgium,2023,8.385736,Europe & Central Asia,-17.9,-1.829
CAN,Canada,2023,17.65728,North America,-15.83,-3.32
CZE,Czechia,2023,9.441118,Europe & Central Asia,-20.76,-2.474
DNK,Denmark,2023,6.558307,Europe & Central Asia,-30.06,-2.819
EST,Estonia,2023,7.945063,Europe & Central Asia,-50.24,-8.021
FIN,Finland,2023,7.329767,Europe & Central Asia,-31.68,-3.399
FRA,France,2023,5.653277,Europe & Central Asia,-19.77,-1.393
DEU,Germany,2023,7.948367,Europe & Central Asia,-27.61,-3.032
GRC,Greece,2023,7.022876,Europe & Central Asia,-23.45,-2.151
HUN,Hungary,2023,5.607061,Europe & Central Asia,-6.62,-0.398
ISL,Iceland,2023,11.988,Europe & Central Asia,-17.54,-2.551
IRL,Ireland,2023,10.57115,Europe & Central Asia,-15.24,-1.9
ISR,Israel,2023,8.432515,Middle East & North Africa,-14.39,-1.417
ITA,Italy,2023,6.451943,Europe & Central Asia,-9.39,-0.669
JPN,Japan,2023,8.596324,East Asia & Pacific,-18.35,-1.932
LVA,Latvia,2023,5.295873,Europe & Central Asia,-1.44,-0.077
LTU,Lithuania,2023,6.254073,Europe & Central Asia,-5.17,-0.341
LUX,Luxembourg,2023,11.68083,Europe & Central Asia,-39.89,-7.75
NLD,Netherlands,2023,7.85981,Europe & Central Asia,-28.47,-3.128
NZL,New Zealand,2023,14.77261,East Asia & Pacific,-19.84,-3.655
NOR,Norway,2023,8.437336,Europe & Central Asia,-19.28,-2.015
POL,Poland,2023,8.979228,Europe & Central Asia,-9.57,-0.95
PRT,Portugal,2023,5.093018,Europe & Central Asia,-16.21,-0.985
SVK,Slovak Republic,2023,6.537386,Europe & Central Asia,-10.69,-0.783
SVN,Slovenia,2023,6.98851,Europe & Central Asia,-13.66,-1.105
ESP,Spain,2023,5.634706,Europe & Central Asia,-17.83,-1.222
SWE,Sweden,2023,4.206605,Europe & Central Asia,-23.73,-1.309
CHE,Switzerland,2023,4.594231,Europe & Central Asia,-23.99,-1.45
TUR,Türkiye,2023,6.862767,Europe & Central Asia,14.43,0.866
GBR,United Kingdom,2023,5.613822,Europe & Central Asia,-31.67,-2.602
BLR,Belarus,2023,9.56043,Europe & Central Asia,-3.37,-0.333
BGR,Bulgaria,2023,6.675433,,-15.79,-1.252
HRV,Croatia,2023,6.524332,,13.3,0.766
CYP,Cyprus,2023,6.317472,,-8.21,-0.565
KAZ,Kazakhstan,2023,17.01328,,-17.1,-3.509
LIE,Liechtenstein,2023,4.22602,,-21.1,-1.13
MLT,Malta,2023,4.214103,,-35.66,-2.336
MCO,Monaco,2023,1.534798,,-34.6,-0.812
ROU,Romania,2023,5.432569,,-8.16,-0.482
RUS,Russia,2023,14.32121,,4.84,0.662
SRB,Serbia,2023,9.169923,,20.37,1.552
UKR,Ukraine,2023,6.171138,,-23.14,-1.858
AUS,Australia,2017,22.74916,East Asia & Pacific,-12.36,-2.811
AUT,Austria,2017,9.391686,Europe & Central Asia,-16.71,-1.509
BEL,Belgium,2017,10.25028,Europe & Central Asia,-17.9,-1.829
CAN,Canada,2017,20.03908,North America,-15.83,-3.32
CHL,Chile,2017,5.696826,Latin America & Caribbean,,
COL,Colombia,2017,3.476127,Latin America & Caribbean,,
CRI,Costa Rica,2017,3.16124,Latin America & Caribbean,,
CZE,Czechia,2017,12.21656,Europe & Central Asia,-20.76,-2.474
DNK,Denmark,2017,8.648594,Europe & Central Asia,-30.06,-2.819
EST,Estonia,2017,15.76337,Europe & Central Asia,-50.24,-8.021
FIN,Finland,2017,9.988059,Europe & Central Asia,-31.68,-3.399
FRA,France,2017,7.110206,Europe & Central Asia,-19.77,-1.393
DEU,Germany,2017,10.616,Europe & Central Asia,-27.61,-3.032
GRC,Greece,2017,8.950194,Europe & Central Asia,-23.45,-2.151
HUN,Hungary,2017,6.664885,Europe & Central Asia,-6.62,-0.398
ISL,Iceland,2017,14.21876,Europe & Central Asia,-17.54,-2.551
IRL,Ireland,2017,12.87677,Europe & Central Asia,-15.24,-1.9
ISR,Israel,2017,9.580019,Middle East & North Africa,-14.39,-1.417
ITA,Italy,2017,7.159425,Europe & Central Asia,-9.39,-0.669
JPN,Japan,2017,9.992245,East Asia & Pacific,-18.35,-1.932
KOR,Korea,2017,14.74389,East Asia & Pacific,,
LVA,Latvia,2017,5.551417,Europe & Central Asia,-1.44,-0.077
LTU,Lithuania,2017,7.007361,Europe & Central Asia,-5.17,-0.341
LUX,Luxembourg,2017,17.24055,Europe & Central Asia,-39.89,-7.75
MEX,Mexico,2017,6.142427,North America,,
NLD,Netherlands,2017,11.09322,Europe & Central Asia,-28.47,-3.128
NZL,New Zealand,2017,17.17259,East Asia & Pacific,-19.84,-3.655
NOR,Norway,2017,9.982174,Europe & Central Asia,-19.28,-2.015
POL,Poland,2017,10.66434,Europe & Central Asia,-9.57,-0.95
PRT,Portugal,2017,6.846301,Europe & Central Asia,-16.21,-0.985
SVK,Slovak Republic,2017,7.744914,Europe & Central Asia,-10.69,-0.783
SVN,Slovenia,2017,8.639655,Europe & Central Asia,-13.66,-1.105
ESP,Spain,2017,7.111025,Europe & Central Asia,-17.83,-1.222
SWE,Sweden,2017,5.199349,Europe & Central Asia,-23.73,-1.309
CHE,Switzerland,2017,5.731875,Europe & Central Asia,-23.99,-1.45
TUR,Türkiye,2017,6.407755,Europe & Central Asia,14.43,0.866
GBR,United Kingdom,2017,7.134717,Europe & Central Asia,-31.67,-2.602
USA,United States,2017,19.71985,North America,,
DZA,Algeria,2017,5.087825,Middle East & North Africa,,
ARG,Argentina,2017,7.752652,Latin America & Caribbean,,
BLR,Belarus,2017,9.421781,Europe & Central Asia,-3.37,-0.333
BRA,Brazil,2017,5.765045,,,
BRN,Brunei Darussalam,2017,25.98647,,,
BGR,Bulgaria,2017,8.421081,,-15.79,-1.252
CIV,Côte d’Ivoire,2017,1.741144,,,
HRV,Croatia,2017,6.318025,,13.3,0.766
CUB,Cuba,2017,4.84334,,,
CYP,Cyprus,2017,7.117575,,-8.21,-0.565
EGY,Egypt,2017,3.436196,,,
GEO,Georgia,2017,4.690071,,,
GHA,Ghana,2017,1.265825,,,
GTM,Guatemala,2017,1.852833,,,
GNB,Guinea-Bissau,2017,0.7177915,,,
GUY,Guyana,2017,6.172941,,,
VAT,Holy See,2017,30.69888,,,
IDN,Indonesia,2017,3.26231,,,
KAZ,Kazakhstan,2017,20.84414,,-17.1,-3.509
KEN,Kenya,2017,1.201175,,,
LIE,Liechtenstein,2017,5.090501,,-21.1,-1.13
MYS,Malaysia,2017,9.808034,,,
MDV,Maldives,2017,3.957199,,,
MLT,Malta,2017,4.311118,,-35.66,-2.336
MUS,Mauritius,2017,4.435731,,,
MDA,Moldova,2017,4.155583,,,
MCO,Monaco,2017,2.212514,,-34.6,-0.812
NAM,Namibia,2017,4.37755,,,
NPL,Nepal,2017,1.670359,,,
NGA,Nigeria,2017,1.497191,,,
PAN,Panama,2017,4.376703,,,
PER,Peru,2017,3.230646,,,
ROU,Romania,2017,5.98312,,-8.16,-0.482
RUS,Russia,2017,13.67797,,4.84,0.662
RWA,Rwanda,2017,0.7771127,,,
SRB,Serbia,2017,9.189626,,20.37,1.552
SGP,Singapore,2017,10.00177,,,
SLB,Solomon Islands,2017,0.8774037,,,
ZAF,South Africa,2017,8.678108,,,
UKR,Ukraine,2017,7.236908,,-23.14,-1.858
UZB,Uzbekistan,2017,5.397403,,,
VEN,Venezuela,2017,7.086742,,,
AUS,Australia,2015,22.76201,East Asia & Pacific,-12.36,-2.811
AUT,Austria,2015,9.180776,Europe & Central Asia,-16.71,-1.509
BEL,Belgium,2015,10.52475,Europe & Central Asia,-17.9,-1.829
CAN,Canada,2015,20.63403,North America,-15.83,-3.32
CHL,Chile,2015,5.585496,Latin America & Caribbean,,
COL,Colombia,2015,3.604959,Latin America & Caribbean,,
CRI,Costa Rica,2015,2.995665,Latin America & Caribbean,,
CZE,Czechia,2015,11.94751,Europe & Central Asia,-20.76,-2.474
DNK,Denmark,2015,8.831057,Europe & Central Asia,-30.06,-2.819
EST,Estonia,2015,13.6325,Europe & Central Asia,-50.24,-8.021
FIN,Finland,2015,10.04057,Europe & Central Asia,-31.68,-3.399
FRA,France,2015,7.074852,Europe & Central Asia,-19.77,-1.393
DEU,Germany,2015,10.98749,Europe & Central Asia,-27.61,-3.032
GRC,Greece,2015,8.878441,Europe & Central Asia,-23.45,-2.151
HUN,Hungary,2015,6.342242,Europe & Central Asia,-6.62,-0.398
ISL,Iceland,2015,14.63909,Europe & Central Asia,-17.54,-2.551
IRL,Ireland,2015,12.84987,Europe & Central Asia,-15.24,-1.9
ISR,Israel,2015,10.04037,Middle East & North Africa,-14.39,-1.417
ITA,Italy,2015,7.306344,Europe & Central Asia,-9.39,-0.669
JPN,Japan,2015,10.23948,East Asia & Pacific,-18.35,-1.932
KOR,Korea,2015,14.24184,East Asia & Pacific,,
LVA,Latvia,2015,5.437304,Europe & Central Asia,-1.44,-0.077
LTU,Lithuania,2015,6.762146,Europe & Central Asia,-5.17,-0.341
LUX,Luxembourg,2015,18.14989,Europe & Central Asia,-39.89,-7.75
MEX,Mexico,2015,6.157423,North America,,
NLD,Netherlands,2015,11.35148,Europe & Central Asia,-28.47,-3.128
NZL,New Zealand,2015,18.05449,East Asia & Pacific,-19.84,-3.655
NOR,Norway,2015,10.4499,Europe & Central Asia,-19.28,-2.015
POL,Poland,2015,9.996041,Europe & Central Asia,-9.57,-0.95
PRT,Portugal,2015,6.502329,Europe & Central Asia,-16.21,-0.985
SVK,Slovak Republic,2015,7.453356,Europe & Central Asia,-10.69,-0.783
SVN,Slovenia,2015,8.179931,Europe & Central Asia,-13.66,-1.105
ESP,Spain,2015,7.110942,Europe & Central Asia,-17.83,-1.222
SWE,Sweden,2015,5.437399,Europe & Central Asia,-23.73,-1.309
CHE,Switzerland,2015,5.914449,Europe & Central Asia,-23.99,-1.45
TUR,Türkiye,2015,6.017152,Europe & Central Asia,14.43,0.866
GBR,United Kingdom,2015,7.837874,Europe & Central Asia,-31.67,-2.602
USA,United States,2015,20.65523,North America,,
DZA,Algeria,2015,5.177589,Middle East & North Africa,,
ARG,Argentina,2015,7.907748,Latin America & Caribbean,,
BLR,Belarus,2015,9.338513,Europe & Central Asia,-3.37,-0.333
BRA,Brazil,2015,5.898276,,,
BRN,Brunei Darussalam,2015,26.25471,,,
BGR,Bulgaria,2015,8.418443,,-15.79,-1.252
CIV,Côte d’Ivoire,2015,1.878543,,,
HRV,Croatia,2015,5.916793,,13.3,0.766
CUB,Cuba,2015,5.264931,,,
CYP,Cyprus,2015,6.822128,,-8.21,-0.565
EGY,Egypt,2015,3.355361,,,
GEO,Georgia,2015,4.87484,,,
GHA,Ghana,2015,1.141843,,,
GTM,Guatemala,2015,1.855356,,,
GNB,Guinea-Bissau,2015,0.7274069,,,
GUY,Guyana,2015,6.085563,,,
VAT,Holy See,2015,30.24434,,,
IDN,Indonesia,2015,3.153344,,,
KAZ,Kazakhstan,2015,20.38768,,-17.1,-3.509
KEN,Kenya,2015,1.18458,,,
LIE,Liechtenstein,2015,5.279607,,-21.1,-1.13
MYS,Malaysia,2015,10.1734,,,
MDV,Maldives,2015,3.612897,,,
MLT,Malta,2015,4.82424,,-35.66,-2.336
MUS,Mauritius,2015,4.04746,,,
MDA,Moldova,2015,4.00439,,,
MCO,Monaco,2015,2.395645,,-34.6,-0.812
NAM,Namibia,2015,4.74826,,,
NPL,Nepal,2015,1.539005,,,
NGA,Nigeria,2015,1.524813,,,
PAN,Panama,2015,4.493486,,,
PER,Peru,2015,3.211313,,,
ROU,Romania,2015,5.878012,,-8.16,-0.482
RUS,Russia,2015,13.54438,,4.84,0.662
RWA,Rwanda,2015,0.8212945,,,
SRB,Serbia,2015,8.753469,,20.37,1.552
SGP,Singapore,2015,9.832285,,,
SLB,Solomon Islands,2015,0.8123034,,,
ZAF,South Africa,2015,9.035033,,,
UKR,Ukraine,2015,7.093762,,-23.14,-1.858
UZB,Uzbekistan,2015,5.430871,,,
VEN,Venezuela,2015,7.611277,,,
AUS,Australia,2022,19.98485,East Asia & Pacific,-12.36,-2.811
AUT,Austria,2022,8.110068,Europe & Central Asia,-16.71,-1.509
BEL,Belgium,2022,8.845402,Europe & Central Asia,-17.9,-1.829
CAN,Canada,2022,18.02878,North America,-15.83,-3.32
CHL,Chile,2022,5.679356,Latin America & Caribbean,,
CZE,Czechia,2022,10.72959,Europe & Central Asia,-20.76,-2.474
DNK,Denmark,2022,7.198875,Europe & Central Asia,-30.06,-2.819
EST,Estonia,2022,10.48012,Europe & Central Asia,-50.24,-8.021
FIN,Finland,2022,8.196082,Europe & Central Asia,-31.68,-3.399
FRA,France,2022,6.074304,Europe & Central Asia,-19.77,-1.393
DEU,Germany,2022,8.905058,Europe & Central Asia,-27.61,-3.032
GRC,Greece,2022,7.468909,Europe & Central Asia,-23.45,-2.151
HUN,Hungary,2022,6.167502,Europe & Central Asia,-6.62,-0.398
ISL,Iceland,2022,12.57169,Europe & Central Asia,-17.54,-2.551
IRL,Ireland,2022,11.53821,Europe & Central Asia,-15.24,-1.9
ISR,Israel,2022,8.936344,Middle East & North Africa,-14.39,-1.417
ITA,Italy,2022,6.91256,Europe & Central Asia,-9.39,-0.669
JPN,Japan,2022,8.91251,East Asia & Pacific,-18.35,-1.932
KOR,Korea,2022,13.98723,East Asia & Pacific,,
LVA,Latvia,2022,5.372667,Europe & Central Asia,-1.44,-0.077
LTU,Lithuania,2022,6.529821,Europe & Central Asia,-5.17,-0.341
LUX,Luxembourg,2022,12.57329,Europe & Central Asia,-39.89,-7.75
MEX,Mexico,2022,5.919702,North America,,
NLD,Netherlands,2022,8.550703,Europe & Central Asia,-28.47,-3.128
NZL,New Zealand,2022,15.19625,East Asia & Pacific,-19.84,-3.655
NOR,Norway,2022,8.954423,Europe & Central Asia,-19.28,-2.015
POL,Poland,2022,9.91145,Europe & Central Asia,-9.57,-0.95
PRT,Portugal,2022,5.402277,Europe & Central Asia,-16.21,-0.985
SVK,Slovak Republic,2022,6.731154,Europe & Central Asia,-10.69,-0.783
SVN,Slovenia,2022,7.355082,Europe & Central Asia,-13.66,-1.105
ESP,Spain,2022,6.111369,Europe & Central Asia,-17.83,-1.222
SWE,Sweden,2022,4.214768,Europe & Central Asia,-23.73,-1.309
CHE,Switzerland,2022,4.754273,Europe & Central Asia,-23.99,-1.45
TUR,Türkiye,2022,6.434767,Europe & Central Asia,14.43,0.866
GBR,United Kingdom,2022,5.954677,Europe & Central Asia,-31.67,-2.602
USA,United States,2022,18.5727,North America,,
DZA,Algeria,2022,5.281784,Middle East & North Africa,,
ARG,Argentina,2022,7.697249,Latin America & Caribbean,,
AZE,Azerbaijan,2022,7.256195,Europe & Central Asia,,
BLR,Belarus,2022,9.631652,Europe & Central Asia,-3.37,-0.333
BTN,Bhutan,2022,1.790353,East Asia & Pacific,,
BRA,Brazil,2022,5.865453,,,
BRN,Brunei Darussalam,2022,29.67097,,,
BGR,Bulgaria,2022,8.555132,,-15.79,-1.252
CIV,Côte d’Ivoire,2022,2.695429,,,
HRV,Croatia,2022,6.276711,,13.3,0.766
CUB,Cuba,2022,4.466265,,,
CYP,Cyprus,2022,6.261792,,-8.21,-0.565
EGY,Egypt,2022,3.429381,,,
GEO,Georgia,2022,5.296077,,,
GHA,Ghana,2022,1.446825,,,
GTM,Guatemala,2022,1.847079,,,
GNB,Guinea-Bissau,2022,0.7657315,,,
GUY,Guyana,2022,10.29586,,,
VAT,Holy See,2022,31.39618,,,
IDN,Indonesia,2022,3.839404,,,
KAZ,Kazakhstan,2022,17.19394,,-17.1,-3.509
KEN,Kenya,2022,1.222736,,,
LBN,Lebanon,2022,3.571952,,,
LIE,Liechtenstein,2022,4.195264,,-21.1,-1.13
MDV,Maldives,2022,4.502358,,,
MLT,Malta,2022,4.278131,,-35.66,-2.336
MUS,Mauritius,2022,4.624897,,,
MDA,Moldova,2022,4.260492,,,
MCO,Monaco,2022,1.671067,,-34.6,-0.812
MAR,Morocco,2022,2.655225,,,
NAM,Namibia,2022,4.355369,,,
NPL,Nepal,2022,1.959157,,,
NGA,Nigeria,2022,1.472081,,,
ROU,Romania,2022,5.721738,,-8.16,-0.482
RUS,Russia,2022,13.91034,,4.84,0.662
RWA,Rwanda,2022,0.9296069,,,
SRB,Serbia,2022,9.226242,,20.37,1.552
SGP,Singapore,2022,10.36283,,,
SLB,Solomon Islands,2022,0.7385193,,,
ZAF,South Africa,2022,7.626128,,,
THA,Thailand,2022,5.356871,,,
UKR,Ukraine,2022,5.826824,,-23.14,-1.858
URY,Uruguay,2022,11.06299,,,
UZB,Uzbekistan,2022,5.999439,,,
VEN,Venezuela,2022,5.68212,,,
AUS,Australia,2018,22.44748,East Asia & Pacific,-12.36,-2.811
AUT,Austria,2018,8.984918,Europe & Central Asia,-16.71,-1.509
BEL,Belgium,2018,10.26945,Europe & Central Asia,-17.9,-1.829
CAN,Canada,2018,20.0309,North America,-15.83,-3.32
CHL,Chile,2018,5.672374,Latin America & Caribbean,,
COL,Colombia,2018,3.619326,Latin America & Caribbean,,
CRI,Costa Rica,2018,3.200677,Latin America & Caribbean,,
CZE,Czechia,2018,11.98083,Europe & Central Asia,-20.76,-2.474
DNK,Denmark,2018,8.580415,Europe & Central Asia,-30.06,-2.819
EST,Estonia,2018,15.09539,Europe & Central Asia,-50.24,-8.021
FIN,Finland,2018,10.1648,Europe & Central Asia,-31.68,-3.399
FRA,France,2018,6.790996,Europe & Central Asia,-19.77,-1.393
DEU,Germany,2018,10.22998,Europe & Central Asia,-27.61,-3.032
GRC,Greece,2018,8.667607,Europe & Central Asia,-23.45,-2.151
HUN,Hungary,2018,6.668178,Europe & Central Asia,-6.62,-0.398
ISL,Iceland,2018,14.01085,Europe & Central Asia,-17.54,-2.551
IRL,Ireland,2018,12.64129,Europe & Central Asia,-15.24,-1.9
ISR,Israel,2018,9.441315,Middle East & North Africa,-14.39,-1.417
ITA,Italy,2018,7.105342,Europe & Central Asia,-9.39,-0.669
JPN,Japan,2018,9.639091,East Asia & Pacific,-18.35,-1.932
KOR,Korea,2018,15.17932,East Asia & Pacific,,
LVA,Latvia,2018,5.843408,Europe & Central Asia,-1.44,-0.077
LTU,Lithuania,2018,6.951449,Europe & Central Asia,-5.17,-0.341
LUX,Luxembourg,2018,17.40738,Europe & Central Asia,-39.89,-7.75
MEX,Mexico,2018,6.075221,North America,,
NLD,Netherlands,2018,10.73006,Europe & Central Asia,-28.47,-3.128
NZL,New Zealand,2018,16.9124,East Asia & Pacific,-19.84,-3.655
NOR,Norway,2018,9.944004,Europe & Central Asia,-19.28,-2.015
POL,Poland,2018,10.67059,Europe & Central Asia,-9.57,-0.95
PRT,Portugal,2018,6.491846,Europe & Central Asia,-16.21,-0.985
SVK,Slovak Republic,2018,7.707138,Europe & Central Asia,-10.69,-0.783
SVN,Slovenia,2018,8.531396,Europe & Central Asia,-13.66,-1.105
ESP,Spain,2018,6.955995,Europe & Central Asia,-17.83,-1.222
SWE,Sweden,2018,5.05477,Europe & Central Asia,-23.73,-1.309
CHE,Switzerland,2018,5.508288,Europe & Central Asia,-23.99,-1.45
TUR,Türkiye,2018,6.275307,Europe & Central Asia,14.43,0.866
GBR,United Kingdom,2018,6.976843,Europe & Central Asia,-31.67,-2.602
USA,United States,2018,20.15406,North America,,
DZA,Algeria,2018,5.262534,Middle East & North Africa,,
ARG,Argentina,2018,7.699173,Latin America & Caribbean,,
BLR,Belarus,2018,9.746824,Europe & Central Asia,-3.37,-0.333
BRA,Brazil,2018,5.63276,,,
BRN,Brunei Darussalam,2018,25.09908,,,
BGR,Bulgaria,2018,7.861728,,-15.79,-1.252
CIV,Côte d’Ivoire,2018,1.710556,,,
HRV,Croatia,2018,6.123429,,13.3,0.766
CUB,Cuba,2018,4.803382,,,
CYP,Cyprus,2018,6.939748,,-8.21,-0.565
EGY,Egypt,2018,3.463126,,,
GEO,Georgia,2018,4.652597,,,
GHA,Ghana,2018,1.312229,,,
GTM,Guatemala,2018,1.868301,,,
GNB,Guinea-Bissau,2018,0.6934381,,,
GUY,Guyana,2018,6.167833,,,
VAT,Holy See,2018,29.40696,,,
IDN,Indonesia,2018,3.378282,,,
KAZ,Kazakhstan,2018,21.34503,,-17.1,-3.509
KEN,Kenya,2018,1.223337,,,
LIE,Liechtenstein,2018,4.732372,,-21.1,-1.13
MYS,Malaysia,2018,9.79379,,,
MDV,Maldives,2018,4.197021,,,
MLT,Malta,2018,4.165486,,-35.66,-2.336
MUS,Mauritius,2018,4.478291,,,
MDA,Moldova,2018,4.406259,,,
MCO,Monaco,2018,2.261659,,-34.6,-0.812
MAR,Morocco,2018,2.586243,,,
NAM,Namibia,2018,4.198732,,,
NPL,Nepal,2018,1.761065,,,
NGA,Nigeria,2018,1.512795,,,
PAN,Panama,2018,4.362435,,,
PER,Peru,2018,3.189103,,,
ROU,Romania,2018,6.048876,,-8.16,-0.482
RUS,Russia,2018,14.07665,,4.84,0.662
RWA,Rwanda,2018,0.7978748,,,
SRB,Serbia,2018,9.022214,,20.37,1.552
SGP,Singapore,2018,10.08684,,,
SLB,Solomon Islands,2018,0.8389294,,,
ZAF,South Africa,2018,8.537099,,,
UKR,Ukraine,2018,7.631061,,-23.14,-1.858
UZB,Uzbekistan,2018,5.80262,,,
VEN,Venezuela,2018,6.191895,,,
AUS,Australia,2014,22.74019,East Asia & Pacific,-12.36,-2.811
AUT,Austria,2014,9.033319,Europe & Central Asia,-16.71,-1.509
BEL,Belgium,2014,10.21425,Europe & Central Asia,-17.9,-1.829
CAN,Canada,2014,20.97687,North America,-15.83,-3.32
CHL,Chile,2014,5.283227,Latin America & Caribbean,,
COL,Colombia,2014,3.509622,Latin America & Caribbean,,
CRI,Costa Rica,2014,3.075124,Latin America & Caribbean,,
CZE,Czechia,2014,11.91482,Europe & Central Asia,-20.76,-2.474
DNK,Denmark,2014,9.377474,Europe & Central Asia,-30.06,-2.819
EST,Estonia,2014,15.96656,Europe & Central Asia,-50.24,-8.021
FIN,Finland,2014,10.7283,Europe & Central Asia,-31.68,-3.399
FRA,France,2014,7.046576,Europe & Central Asia,-19.77,-1.393
DEU,Germany,2014,10.98049,Europe & Central Asia,-27.61,-3.032
GRC,Greece,2014,9.174307,Europe & Central Asia,-23.45,-2.151
HUN,Hungary,2014,6.00465,Europe & Central Asia,-6.62,-0.398
ISL,Iceland,2014,14.53881,Europe & Central Asia,-17.54,-2.551
IRL,Ireland,2014,12.47143,Europe & Central Asia,-15.24,-1.9
ISR,Israel,2014,9.849664,Middle East & North Africa,-14.39,-1.417
ITA,Italy,2014,7.120819,Europe & Central Asia,-9.39,-0.669
JPN,Japan,2014,10.5282,East Asia & Pacific,-18.35,-1.932
KOR,Korea,2014,14.33164,East Asia & Pacific,,
LVA,Latvia,2014,5.373127,Europe & Central Asia,-1.44,-0.077
LTU,Lithuania,2014,6.594755,Europe & Central Asia,-5.17,-0.341
LUX,Luxembourg,2014,19.4309,Europe & Central Asia,-39.89,-7.75
MEX,Mexico,2014,6.141273,North America,,
NLD,Netherlands,2014,10.9876,Europe & Central Asia,-28.47,-3.128
NZL,New Zealand,2014,18.4279,East Asia & Pacific,-19.84,-3.655
NOR,Norway,2014,10.45206,Europe & Central Asia,-19.28,-2.015
POL,Poland,2014,9.929695,Europe & Central Asia,-9.57,-0.95
PRT,Portugal,2014,6.078352,Europe & Central Asia,-16.21,-0.985
SVK,Slovak Republic,2014,7.319902,Europe & Central Asia,-10.69,-0.783
SVN,Slovenia,2014,8.093888,Europe & Central Asia,-13.66,-1.105
ESP,Spain,2014,6.857054,Europe & Central Asia,-17.83,-1.222
SWE,Sweden,2014,5.515628,Europe & Central Asia,-23.73,-1.309
CHE,Switzerland,2014,6.044053,Europe & Central Asia,-23.99,-1.45
TUR,Türkiye,2014,5.997226,Europe & Central Asia,14.43,0.866
GBR,United Kingdom,2014,8.215401,Europe & Central Asia,-31.67,-2.602
USA,United States,2014,21.37271,North America,,
DZA,Algeria,2014,5.151576,Middle East & North Africa,,
ARG,Argentina,2014,7.848993,Latin America & Caribbean,,
BLR,Belarus,2014,9.893406,Europe & Central Asia,-3.37,-0.333
BRA,Brazil,2014,6.026185,,,
BRN,Brunei Darussalam,2014,27.43803,,,
BGR,Bulgaria,2014,7.927114,,-15.79,-1.252
CIV,Côte d’Ivoire,2014,1.577156,,,
HRV,Croatia,2014,5.758433,,13.3,0.766
CUB,Cuba,2014,5.227796,,,
CYP,Cyprus,2014,6.882424,,-8.21,-0.565
EGY,Egypt,2014,3.07912,,,
GEO,Georgia,2014,4.477543,,,
GHA,Ghana,2014,1.128611,,,
GTM,Guatemala,2014,1.703142,,,
GNB,Guinea-Bissau,2014,0.6962806,,,
GUY,Guyana,2014,6.078437,,,
VAT,Holy See,2014,30.32221,,,
IDN,Indonesia,2014,3.069394,,,
KAZ,Kazakhstan,2014,20.52191,,-17.1,-3.509
KEN,Kenya,2014,1.147807,,,
LIE,Liechtenstein,2014,5.356115,,-21.1,-1.13
MYS,Malaysia,2014,10.23582,,,
MDV,Maldives,2014,3.68893,,,
MLT,Malta,2014,6.549833,,-35.66,-2.336
MUS,Mauritius,2014,4.015156,,,
MDA,Moldova,2014,3.968441,,,
MCO,Monaco,2014,2.346737,,-34.6,-0.812
MAR,Morocco,2014,2.459603,,,
NAM,Namibia,2014,4.751163,,,
NPL,Nepal,2014,1.496792,,,
NGA,Nigeria,2014,1.563994,,,
PAN,Panama,2014,4.204799,,,
PER,Peru,2014,3.223498,,,
ROU,Romania,2014,5.914941,,-8.16,-0.482
RUS,Russia,2014,13.6596,,4.84,0.662
RWA,Rwanda,2014,0.7338822,,,
SRB,Serbia,2014,7.617867,,20.37,1.552
SGP,Singapore,2014,9.636294,,,
SLB,Solomon Islands,2014,0.8533567,,,
ZAF,South Africa,2014,9.387836,,,
UKR,Ukraine,2014,8.028714,,-23.14,-1.858
UZB,Uzbekistan,2014,5.650603,,,
VEN,Venezuela,2014,8.367807,,,
AUS,Australia,2019,21.86902,East Asia & Pacific,-12.36,-2.811
AUT,Austria,2019,9.08026,Europe & Central Asia,-16.71,-1.509
BEL,Belgium,2019,10.12343,Europe & Central Asia,-17.9,-1.829
CAN,Canada,2019,19.77897,North America,-15.83,-3.32
CHL,Chile,2019,5.682408,Latin America & Caribbean,,
COL,Colombia,2019,3.683094,Latin America & Caribbean,,
CRI,Costa Rica,2019,3.187736,Latin America & Caribbean,,
CZE,Czechia,2019,11.46535,Europe & Central Asia,-20.76,-2.474
DNK,Denmark,2019,7.870842,Europe & Central Asia,-30.06,-2.819
EST,Estonia,2019,10.93776,Europe & Central Asia,-50.24,-8.021
FIN,Finland,2019,9.53934,Europe & Central Asia,-31.68,-3.399
FRA,France,2019,6.62196,Europe & Central Asia,-19.77,-1.393
DEU,Germany,2019,9.550692,Europe & Central Asia,-27.61,-3.032
GRC,Greece,2019,8.052013,Europe & Central Asia,-23.45,-2.151
HUN,Hungary,2019,6.646106,Europe & Central Asia,-6.62,-0.398
ISL,Iceland,2019,13.29792,Europe & Central Asia,-17.54,-2.551
IRL,Ireland,2019,12.11575,Europe & Central Asia,-15.24,-1.9
ISR,Israel,2019,9.402014,Middle East & North Africa,-14.39,-1.417
ITA,Italy,2019,6.926384,Europe & Central Asia,-9.39,-0.669
JPN,Japan,2019,9.373204,East Asia & Pacific,-18.35,-1.932
KOR,Korea,2019,14.66927,East Asia & Pacific,,
LVA,Latvia,2019,5.812749,Europe & Central Asia,-1.44,-0.077
LTU,Lithuania,2019,7.042611,Europe & Central Asia,-5.17,-0.341
LUX,Luxembourg,2019,17.33832,Europe & Central Asia,-39.89,-7.75
MEX,Mexico,2019,6.061272,North America,,
NLD,Netherlands,2019,10.32719,Europe & Central Asia,-28.47,-3.128
NZL,New Zealand,2019,16.84859,East Asia & Pacific,-19.84,-3.655
NOR,Norway,2019,9.548388,Europe & Central Asia,-19.28,-2.015
POL,Poland,2019,10.09156,Europe & Central Asia,-9.57,-0.95
PRT,Portugal,2019,6.13362,Europe & Central Asia,-16.21,-0.985
SVK,Slovak Republic,2019,7.267905,Europe & Central Asia,-10.69,-0.783
SVN,Slovenia,2019,8.222804,Europe & Central Asia,-13.66,-1.105
ESP,Spain,2019,6.511927,Europe & Central Asia,-17.83,-1.222
SWE,Sweden,2019,4.883338,Europe & Central Asia,-23.73,-1.309
CHE,Switzerland,2019,5.440202,Europe & Central Asia,-23.99,-1.45
TUR,Türkiye,2019,6.066827,Europe & Central Asia,14.43,0.866
GBR,United Kingdom,2019,6.692477,Europe & Central Asia,-31.67,-2.602
USA,United States,2019,19.50954,North America,,
DZA,Algeria,2019,5.287959,Middle East & North Africa,,
ARG,Argentina,2019,7.473238,Latin America & Caribbean,,
BLR,Belarus,2019,9.808526,Europe & Central Asia,-3.37,-0.333
BTN,Bhutan,2019,1.872337,East Asia & Pacific,,
BRA,Brazil,2019,5.59519,,,
BRN,Brunei Darussalam,2019,25.95554,,,
BGR,Bulgaria,2019,7.72982,,-15.79,-1.252
CIV,Côte d’Ivoire,2019,1.682472,,,
HRV,Croatia,2019,6.225204,,13.3,0.766
CUB,Cuba,2019,4.692558,,,
CYP,Cyprus,2019,6.542007,,-8.21,-0.565
EGY,Egypt,2019,3.204049,,,
GEO,Georgia,2019,4.74158,,,
GHA,Ghana,2019,1.366898,,,
GTM,Guatemala,2019,1.882364,,,
GNB,Guinea-Bissau,2019,0.7790754,,,
GUY,Guyana,2019,6.561252,,,
VAT,Holy See,2019,29.66224,,,
IDN,Indonesia,2019,3.556219,,,
KAZ,Kazakhstan,2019,19.34913,,-17.1,-3.509
KEN,Kenya,2019,1.286968,,,
LIE,Liechtenstein,2019,4.868305,,-21.1,-1.13
MYS,Malaysia,2019,9.942006,,,
MDV,Maldives,2019,4.476469,,,
MLT,Malta,2019,4.219994,,-35.66,-2.336
MUS,Mauritius,2019,4.57325,,,
MDA,Moldova,2019,4.370677,,,
MCO,Monaco,2019,2.157267,,-34.6,-0.812
NAM,Namibia,2019,3.983455,,,
NPL,Nepal,2019,1.853793,,,
NGA,Nigeria,2019,1.519398,,,
PAN,Panama,2019,5.162121,,,
PER,Peru,2019,3.26907,,,
ROU,Romania,2019,5.912965,,-8.16,-0.482
RUS,Russia,2019,13.99041,,4.84,0.662
RWA,Rwanda,2019,0.8924332,,,
SAU,Saudi Arabia,2019,22.00738,,,
SRB,Serbia,2019,8.99412,,20.37,1.552
SGP,Singapore,2019,9.800837,,,
SLB,Solomon Islands,2019,0.8503432,,,
ZAF,South Africa,2019,8.34868,,,
UKR,Ukraine,2019,7.569845,,-23.14,-1.858
UZB,Uzbekistan,2019,5.712653,,,
VEN,Venezuela,2019,5.560651,,,
AUS,Australia,2016,22.74003,East Asia & Pacific,-12.36,-2.811
AUT,Austria,2016,9.192056,Europe & Central Asia,-16.71,-1.509
BEL,Belgium,2016,10.34431,Europe & Central Asia,-17.9,-1.829
CAN,Canada,2016,19.9407,North America,-15.83,-3.32
CHL,Chile,2016,5.755747,Latin America & Caribbean,,
COL,Colombia,2016,3.601354,Latin America & Caribbean,,
CRI,Costa Rica,2016,3.103583,Latin America & Caribbean,,
CZE,Czechia,2016,12.13502,Europe & Central Asia,-20.76,-2.474
DNK,Denmark,2016,9.11466,Europe & Central Asia,-30.06,-2.819
EST,Estonia,2016,14.84915,Europe & Central Asia,-50.24,-8.021
FIN,Finland,2016,10.53471,Europe & Central Asia,-31.68,-3.399
FRA,France,2016,7.093895,Europe & Central Asia,-19.77,-1.393
DEU,Germany,2016,10.84203,Europe & Central Asia,-27.61,-3.032
GRC,Greece,2016,8.574775,Europe & Central Asia,-23.45,-2.151
HUN,Hungary,2016,6.425023,Europe & Central Asia,-6.62,-0.398
ISL,Iceland,2016,14.29545,Europe & Central Asia,-17.54,-2.551
IRL,Ireland,2016,13.19347,Europe & Central Asia,-15.24,-1.9
ISR,Israel,2016,9.846153,Middle East & North Africa,-14.39,-1.417
ITA,Italy,2016,7.262397,Europe & Central Asia,-9.39,-0.669
JPN,Japan,2016,10.10148,East Asia & Pacific,-18.35,-1.932
KOR,Korea,2016,14.37503,East Asia & Pacific,,
LVA,Latvia,2016,5.48277,Europe & Central Asia,-1.44,-0.077
LTU,Lithuania,2016,6.866907,Europe & Central Asia,-5.17,-0.341
LUX,Luxembourg,2016,17.31256,Europe & Central Asia,-39.89,-7.75
MEX,Mexico,2016,6.438936,North America,,
NLD,Netherlands,2016,11.32236,Europe & Central Asia,-28.47,-3.128
NZL,New Zealand,2016,17.20145,East Asia & Pacific,-19.84,-3.655
NOR,Norway,2016,10.18965,Europe & Central Asia,-19.28,-2.015
POL,Poland,2016,10.28008,Europe & Central Asia,-9.57,-0.95
PRT,Portugal,2016,6.339368,Europe & Central Asia,-16.21,-0.985
SVK,Slovak Republic,2016,7.545991,Europe & Central Asia,-10.69,-0.783
SVN,Slovenia,2016,8.603161,Europe & Central Asia,-13.66,-1.105
ESP,Spain,2016,6.855799,Europe & Central Asia,-17.83,-1.222
SWE,Sweden,2016,5.360955,Europe & Central Asia,-23.73,-1.309
CHE,Switzerland,2016,5.892591,Europe & Central Asia,-23.99,-1.45
TUR,Türkiye,2016,6.184704,Europe & Central Asia,14.43,0.866
GBR,United Kingdom,2016,7.366669,Europe & Central Asia,-31.67,-2.602
USA,United States,2016,19.98921,North America,,
DZA,Algeria,2016,5.054544,Middle East & North Africa,,
ARG,Argentina,2016,7.859378,Latin America & Caribbean,,
BLR,Belarus,2016,9.244925,Europe & Central Asia,-3.37,-0.333
BRA,Brazil,2016,5.744674,,,
BRN,Brunei Darussalam,2016,27.08624,,,
BGR,Bulgaria,2016,8.108453,,-15.79,-1.252
CIV,Côte d’Ivoire,2016,1.795058,,,
HRV,Croatia,2016,6.025329,,13.3,0.766
CUB,Cuba,2016,5.114254,,,
CYP,Cyprus,2016,7.082761,,-8.21,-0.565
EGY,Egypt,2016,3.422747,,,
GEO,Georgia,2016,4.921393,,,
GHA,Ghana,2016,1.189614,,,
GTM,Guatemala,2016,1.926159,,,
GNB,Guinea-Bissau,2016,0.7221428,,,
GUY,Guyana,2016,6.111522,,,
VAT,Holy See,2016,29.30915,,,
IND,India,2016,2.198557,,,
IDN,Indonesia,2016,3.093477,,,
KAZ,Kazakhstan,2016,20.0808,,-17.1,-3.509
KEN,Kenya,2016,1.255773,,,
LIE,Liechtenstein,2016,4.973462,,-21.1,-1.13
MYS,Malaysia,2016,10.00872,,,
MDV,Maldives,2016,3.767199,,,
MLT,Malta,2016,4.067336,,-35.66,-2.336
MUS,Mauritius,2016,4.154706,,,
MDA,Moldova,2016,4.138269,,,
MCO,Monaco,2016,2.329862,,-34.6,-0.812
MAR,Morocco,2016,2.473351,,,
NAM,Namibia,2016,5.007187,,,
NPL,Nepal,2016,1.544541,,,
NGA,Nigeria,2016,1.523554,,,
PAN,Panama,2016,4.467756,,,
PER,Peru,2016,3.269104,,,
ROU,Romania,2016,5.806685,,-8.16,-0.482
RUS,Russia,2016,13.45777,,4.84,0.662
RWA,Rwanda,2016,0.7621484,,,
SRB,Serbia,2016,9.027099,,20.37,1.552
SGP,Singapore,2016,9.712685,,,
SLB,Solomon Islands,2016,0.9021343,,,
ZAF,South Africa,2016,8.87429,,,
UKR,Ukraine,2016,7.525199,,-23.14,-1.858
UZB,Uzbekistan,2016,5.477135,,,
VEN,Venezuela,2016,7.393056,,,
AUS,Australia,2021,20.40214,East Asia & Pacific,-12.36,-2.811
AUT,Austria,2021,8.706675,Europe & Central Asia,-16.71,-1.509
BEL,Belgium,2021,9.486282,Europe & Central Asia,-17.9,-1.829
CAN,Canada,2021,18.03644,North America,-15.83,-3.32
CHL,Chile,2021,5.687362,Latin America & Caribbean,,
COL,Colombia,2021,3.584791,Latin America & Caribbean,,
CRI,Costa Rica,2021,3.193075,Latin America & Caribbean,,
CZE,Czechia,2021,11.09741,Europe & Central Asia,-20.76,-2.474
DNK,Denmark,2021,7.524057,Europe & Central Asia,-30.06,-2.819
EST,Estonia,2021,9.437351,Europe & Central Asia,-50.24,-8.021
FIN,Finland,2021,8.616688,Europe & Central Asia,-31.68,-3.399
FRA,France,2021,6.340007,Europe & Central Asia,-19.77,-1.393
DEU,Germany,2021,9.097411,Europe & Central Asia,-27.61,-3.032
GRC,Greece,2021,7.373946,Europe & Central Asia,-23.45,-2.151
HUN,Hungary,2021,6.594334,Europe & Central Asia,-6.62,-0.398
ISL,Iceland,2021,12.69083,Europe & Central Asia,-17.54,-2.551
IRL,Ireland,2021,11.97744,Europe & Central Asia,-15.24,-1.9
ISR,Israel,2021,8.796155,Middle East & North Africa,-14.39,-1.417
ITA,Italy,2021,6.885666,Europe & Central Asia,-9.39,-0.669
JPN,Japan,2021,9.108153,East Asia & Pacific,-18.35,-1.932
KOR,Korea,2021,14.29121,East Asia & Pacific,,
LVA,Latvia,2021,5.681176,Europe & Central Asia,-1.44,-0.077
LTU,Lithuania,2021,7.056945,Europe & Central Asia,-5.17,-0.341
LUX,Luxembourg,2021,14.68809,Europe & Central Asia,-39.89,-7.75
MEX,Mexico,2021,5.632792,North America,,
NLD,Netherlands,2021,9.402311,Europe & Central Asia,-28.47,-3.128
NZL,New Zealand,2021,16.02921,East Asia & Pacific,-19.84,-3.655
NOR,Norway,2021,9.105592,Europe & Central Asia,-19.28,-2.015
POL,Poland,2021,10.48352,Europe & Central Asia,-9.57,-0.95
PRT,Portugal,2021,5.388249,Europe & Central Asia,-16.21,-0.985
SVK,Slovak Republic,2021,7.510327,Europe & Central Asia,-10.69,-0.783
SVN,Slovenia,2021,7.593741,Europe & Central Asia,-13.66,-1.105
ESP,Spain,2021,6.024189,Europe & Central Asia,-17.83,-1.222
SWE,Sweden,2021,4.581526,Europe & Central Asia,-23.73,-1.309
CHE,Switzerland,2021,5.209583,Europe & Central Asia,-23.99,-1.45
TUR,Türkiye,2021,6.622971,Europe & Central Asia,14.43,0.866
GBR,United Kingdom,2021,6.265779,Europe & Central Asia,-31.67,-2.602
USA,United States,2021,18.60527,North America,,
DZA,Algeria,2021,5.380772,Middle East & North Africa,,
ARG,Argentina,2021,7.557831,Latin America & Caribbean,,
AZE,Azerbaijan,2021,7.010887,Europe & Central Asia,,
BLR,Belarus,2021,9.960464,Europe & Central Asia,-3.37,-0.333
BTN,Bhutan,2021,1.905872,East Asia & Pacific,,
BRA,Brazil,2021,5.888017,,,
BRN,Brunei Darussalam,2021,33.40891,,,
BGR,Bulgaria,2021,7.856872,,-15.79,-1.252
CHN,China (People’s Republic of),2021,10.03497,,,
CIV,Côte d’Ivoire,2021,2.909439,,,
HRV,Croatia,2021,6.224454,,13.3,0.766
CUB,Cuba,2021,4.437665,,,
CYP,Cyprus,2021,6.207363,,-8.21,-0.565
EGY,Egypt,2021,3.278952,,,
GEO,Georgia,2021,4.943908,,,
GHA,Ghana,2021,1.443062,,,
GTM,Guatemala,2021,1.93884,,,
GNB,Guinea-Bissau,2021,0.753656,,,
GUY,Guyana,2021,7.857966,,,
VAT,Holy See,2021,29.63985,,,
IDN,Indonesia,2021,3.461016,,,
IRQ,Iraq,2021,4.728294,,,
KAZ,Kazakhstan,2021,16.20224,,-17.1,-3.509
KEN,Kenya,2021,1.300705,,,
LBN,Lebanon,2021,3.716709,,,
LIE,Liechtenstein,2021,4.678162,,-21.1,-1.13
MYS,Malaysia,2021,9.595771,,,
MDV,Maldives,2021,4.390248,,,
MLT,Malta,2021,4.005686,,-35.66,-2.336
MUS,Mauritius,2021,4.510886,,,
MDA,Moldova,2021,4.831095,,,
MCO,Monaco,2021,1.892956,,-34.6,-0.812
MAR,Morocco,2021,2.734579,,,
NAM,Namibia,2021,3.76657,,,
NPL,Nepal,2021,1.944893,,,
NGA,Nigeria,2021,1.471587,,,
PAN,Panama,2021,4.722124,,,
PER,Peru,2021,3.320794,,,
ROU,Romania,2021,5.994079,,-8.16,-0.482
RUS,Russia,2021,13.91481,,4.84,0.662
RWA,Rwanda,2021,0.8892792,,,
SAU,Saudi Arabia,2021,22.85849,,,
SRB,Serbia,2021,9.060741,,20.37,1.552
SGP,Singapore,2021,10.50314,,,
SLB,Solomon Islands,2021,0.8096753,,,
ZAF,South Africa,2021,7.89189,,,
THA,Thailand,2021,5.099677,,,
UKR,Ukraine,2021,7.529293,,-23.14,-1.858
URY,Uruguay,2021,11.52196,,,
UZB,Uzbekistan,2021,6.196108,,,
VEN,Venezuela,2021,7.581178,,,
AUS,Australia,2020,20.91176,East Asia & Pacific,-12.36,-2.811
AUT,Austria,2020,8.370743,Europe & Central Asia,-16.71,-1.509
BEL,Belgium,2020,9.26923,Europe & Central Asia,-17.9,-1.829
CAN,Canada,2020,17.87396,North America,-15.83,-3.32
CHL,Chile,2020,5.354269,Latin America & Caribbean,,
COL,Colombia,2020,3.479452,Latin America & Caribbean,,
CRI,Costa Rica,2020,2.90543,Latin America & Caribbean,,
CZE,Czechia,2020,10.56825,Europe & Central Asia,-20.76,-2.474
DNK,Denmark,2020,7.401293,Europe & Central Asia,-30.06,-2.819
EST,Estonia,2020,8.526422,Europe & Central Asia,-50.24,-8.021
FIN,Finland,2020,8.626773,Europe & Central Asia,-31.68,-3.399
FRA,France,2020,5.997182,Europe & Central Asia,-19.77,-1.393
DEU,Germany,2020,8.764853,Europe & Central Asia,-27.61,-3.032
GRC,Greece,2020,7.091454,Europe & Central Asia,-23.45,-2.151
HUN,Hungary,2020,6.455618,Europe & Central Asia,-6.62,-0.398
ISL,Iceland,2020,12.5612,Europe & Central Asia,-17.54,-2.551
IRL,Ireland,2020,11.56396,Europe & Central Asia,-15.24,-1.9
ISR,Israel,2020,9.061138,Middle East & North Africa,-14.39,-1.417
ITA,Italy,2020,6.327091,Europe & Central Asia,-9.39,-0.669
JPN,Japan,2020,8.894616,East Asia & Pacific,-18.35,-1.932
KOR,Korea,2020,13.74816,East Asia & Pacific,,
LVA,Latvia,2020,5.519989,Europe & Central Asia,-1.44,-0.077
LTU,Lithuania,2020,7.000509,Europe & Central Asia,-5.17,-0.341
LUX,Luxembourg,2020,14.37257,Europe & Central Asia,-39.89,-7.75
MEX,Mexico,2020,5.67136,North America,,
NLD,Netherlands,2020,9.330465,Europe & Central Asia,-28.47,-3.128
NZL,New Zealand,2020,16.05091,East Asia & Pacific,-19.84,-3.655
NOR,Norway,2020,9.178269,Europe & Central Asia,-19.28,-2.015
POL,Poland,2020,9.712359,Europe & Central Asia,-9.57,-0.95
PRT,Portugal,2020,5.530717,Europe & Central Asia,-16.21,-0.985
SVK,Slovak Republic,2020,6.766585,Europe & Central Asia,-10.69,-0.783
SVN,Slovenia,2020,7.564375,Europe & Central Asia,-13.66,-1.105
ESP,Spain,2020,5.658686,Europe & Central Asia,-17.83,-1.222
SWE,Sweden,2020,4.441116,Europe & Central Asia,-23.73,-1.309
CHE,Switzerland,2020,5.096887,Europe & Central Asia,-23.99,-1.45
TUR,Türkiye,2020,6.181012,Europe & Central Asia,14.43,0.866
GBR,United Kingdom,2020,6.077576,Europe & Central Asia,-31.67,-2.602
USA,United States,2020,17.6817,North America,,
DZA,Algeria,2020,5.04874,Middle East & North Africa,,
ARG,Argentina,2020,7.061831,Latin America & Caribbean,,
AZE,Azerbaijan,2020,6.580966,Europe & Central Asia,,
BLR,Belarus,2020,9.635014,Europe & Central Asia,-3.37,-0.333
BTN,Bhutan,2020,1.910724,East Asia & Pacific,,
BRA,Brazil,2020,5.557711,,,
BRN,Brunei Darussalam,2020,33.77179,,,
BGR,Bulgaria,2020,6.911945,,-15.79,-1.252
CHN,China (People’s Republic of),2020,9.652851,,,
CIV,Côte d’Ivoire,2020,1.659335,,,
HRV,Croatia,2020,6.044096,,13.3,0.766
CUB,Cuba,2020,4.470159,,,
CYP,Cyprus,2020,6.190146,,-8.21,-0.565
EGY,Egypt,2020,3.088697,,,
GEO,Georgia,2020,4.820012,,,
GHA,Ghana,2020,1.468394,,,
GTM,Guatemala,2020,1.778021,,,
GNB,Guinea-Bissau,2020,0.7595775,,,
GUY,Guyana,2020,9.162369,,,
VAT,Holy See,2020,30.21183,,,
IDN,Indonesia,2020,3.339661,,,
IRQ,Iraq,2020,4.717297,,,
KAZ,Kazakhstan,2020,18.43434,,-17.1,-3.509
KEN,Kenya,2020,1.295409,,,
LBN,Lebanon,2020,4.437867,,,
LIE,Liechtenstein,2020,4.631047,,-21.1,-1.13
MYS,Malaysia,2020,9.816118,,,
MDV,Maldives,2020,3.009546,,,
MLT,Malta,2020,4.025918,,-35.66,-2.336
MUS,Mauritius,2020,4.344573,,,
MDA,Moldova,2020,4.363438,,,
MCO,Monaco,2020,1.804676,,-34.6,-0.812
MAR,Morocco,2020,2.56891,,,
NAM,Namibia,2020,3.381342,,,
NPL,Nepal,2020,1.803851,,,
NGA,Nigeria,2020,1.452109,,,
PAN,Panama,2020,4.221086,,,
PER,Peru,2020,2.868927,,,
ROU,Romania,2020,5.750749,,-8.16,-0.482
RUS,Russia,2020,13.49968,,4.84,0.662
RWA,Rwanda,2020,0.8529792,,,
SAU,Saudi Arabia,2020,22.25867,,,
SRB,Serbia,2020,9.235191,,20.37,1.552
SGP,Singapore,2020,9.581285,,,
SLB,Solomon Islands,2020,0.8599326,,,
ZAF,South Africa,2020,7.756462,,,
THA,Thailand,2020,5.205036,,,
UKR,Ukraine,2020,7.278898,,-23.14,-1.858
URY,Uruguay,2020,10.70697,,,
UZB,Uzbekistan,2020,5.595903,,,
VEN,Venezuela,2020,7.609905,,,
