iso3,country_name_ghg,year,ghg_per_capita,region,gdp_per_capita_ppp,renewable_pct,electricity_access_pct,fossil_fuel_pct,population,ghg_total_mt
AUS,Australia,2023,19.92922,East Asia & Pacific,72272.7092136683,,100.0,0.0,26659922.0,0.5313114507208401
AUT,Austria,2023,7.523844,Europe & Central Asia,73544.6567230487,,100.0,0.0,9131761.0,0.06870594520928401
BEL,Belgium,2023,8.385736,Europe & Central Asia,71946.1447190292,,100.0,0.0,11779946.0,0.098783517250256
CAN,Canada,2023,17.65728,North America,64219.3173928637,,100.0,0.0,40083484.0,0.70776530036352
CZE,Czechia,2023,9.441118,Europe & Central Asia,55761.3798291375,,100.0,0.0,10864042.0,0.102568702478956
DNK,Denmark,2023,6.558307,Europe & Central Asia,77892.2932609904,,100.0,0.0,5946952.0,0.039001936930264006
EST,Estonia,2023,7.945063,Europe & Central Asia,48637.1802208795,,100.0,0.0,1370286.0,0.010887008598018
FIN,Finland,2023,7.329767,Europe & Central Asia,63414.9936878177,,100.0,0.0,5583911.0,0.04092876657873701
FRA,France,2023,5.653277,Europe & Central Asia,60838.9416716424,,100.0,0.0,68372286.0,0.386527471881222
DEU,Germany,2023,7.948367,Europe & Central Asia,71684.0311875583,,100.0,0.0,83287273.0,0.661997812233191
GRC,Greece,2023,7.022876,Europe & Central Asia,42710.5058010314,,100.0,0.0,10407351.0,0.073089535561476
HUN,Hungary,2023,5.607061,Europe & Central Asia,46592.3856070073,,100.0,0.0,9592186.0,0.053783972025345995
ISL,Iceland,2023,11.988,Europe & Central Asia,81608.4479116436,,100.0,0.0,385663.0,0.004623328044
IRL,Ireland,2023,10.57115,Europe & Central Asia,129682.607150517,,100.0,0.0,5311538.0,0.0561490649287
ISR,Israel,2023,8.432515,Middle East & North Africa,55171.2318814321,,100.0,0.0,9849000.0,0.083051840235
ITA,Italy,2023,6.451943,Europe & Central Asia,60029.871712398,,100.0,0.0,58984216.0,0.380562799531688
JPN,Japan,2023,8.596324,East Asia & Pacific,50661.7663463109,,100.0,0.0,124516650.0,1.0703854667945998
LVA,Latvia,2023,5.295873,Europe & Central Asia,42576.4060799457,,100.0,0.0,1883710.0,0.00997588892883
LTU,Lithuania,2023,6.254073,Europe & Central Asia,52348.2468215268,,100.0,0.0,2871585.0,0.017959102215705
LUX,Luxembourg,2023,11.68083,Europe & Central Asia,150508.218886888,,100.0,0.0,666430.0,0.007784455536899999
NLD,Netherlands,2023,7.85981,Europe & Central Asia,81728.6904629268,,100.0,0.0,17877117.0,0.14051074296777
NZL,New Zealand,2023,14.77261,East Asia & Pacific,54697.382252318,,100.0,0.0,5200000.0,0.076817572
NOR,Norway,2023,8.437336,Europe & Central Asia,103637.516843678,,100.0,0.0,5519601.0,0.046570728222936
POL,Poland,2023,8.979228,Europe & Central Asia,48473.0940286419,,100.0,0.0,36687353.0,0.32942410730348404
PRT,Portugal,2023,5.093018,Europe & Central Asia,49352.8388613032,,100.0,0.0,10578174.0,0.053874830589132
SVK,Slovak Republic,2023,6.537386,Europe & Central Asia,45973.9406902991,,100.0,0.0,5426740.0,0.03547669410164
SVN,Slovenia,2023,6.98851,Europe & Central Asia,56064.0974596742,,100.0,0.0,2120461.0,0.014818862903109999
ESP,Spain,2023,5.634706,Europe & Central Asia,55682.2402603093,,100.0,0.0,48352528.0,0.27245227963676805
SWE,Sweden,2023,4.206605,Europe & Central Asia,69226.3272756663,,100.0,0.0,10536632.0,0.04432344885436
CHE,Switzerland,2023,4.594231,Europe & Central Asia,95141.5960943632,,100.0,0.0,8888822.0,0.040837301585882
TUR,Türkiye,2023,6.862767,Europe & Central Asia,42786.2004948664,,100.0,0.0,85325965.0,0.585572216845155
GBR,United Kingdom,2023,5.613822,Europe & Central Asia,59911.3467663209,,100.0,0.0,68492000.0,0.38450189642399996
BLR,Belarus,2023,9.56043,Europe & Central Asia,30834.1773668111,,100.0,0.0,9178298.0,0.08774847554814
BGR,Bulgaria,2023,6.675433,Europe & Central Asia,38829.1913208102,,100.0,0.0,6446596.0,0.043033819676068
HRV,Croatia,2023,6.524332,Europe & Central Asia,47759.6982995339,,100.0,0.0,3859686.0,0.025181872879752
CYP,Cyprus,2023,6.317472,Europe & Central Asia,59874.5703125,,100.0,0.0,1344976.0,0.008496848220672001
KAZ,Kazakhstan,2023,17.01328,Europe & Central Asia,38515.1836009979,,100.0,0.0,20330104.0,0.3458817517811201
LIE,Liechtenstein,2023,4.22602,Europe & Central Asia,,,100.0,,39846.0,0.00016838999292
MLT,Malta,2023,4.214103,Europe & Central Asia,67057.2184329891,,100.0,0.0,552747.0,0.002329332790941
MCO,Monaco,2023,1.534798,Europe & Central Asia,,,100.0,,38956.0,5.978959088800001e-05
ROU,Romania,2023,5.432569,Europe & Central Asia,45981.6027785222,,100.0,0.0,19061062.0,0.10355053452827799
RUS,Russia,2023,14.32121,Europe & Central Asia,44268.73046875,,100.0,0.0,143826130.0,2.0597642112173
SRB,Serbia,2023,9.169923,Europe & Central Asia,29776.8951752159,,100.0,0.0,6623183.0,0.060734078124909004
UKR,Ukraine,2023,6.171138,Europe & Central Asia,17665.34375,,100.0,0.0,37732836.0,0.232854538087368
AUS,Australia,2017,22.74916,East Asia & Pacific,48564.8286592372,9.9,100.0,0.0,24592588.0,0.55946071922608
AUT,Austria,2017,9.391686,Europe & Central Asia,53869.8321183556,34.0,100.0,0.0,8797566.0,0.082623977436276
BEL,Belgium,2017,10.25028,Europe & Central Asia,50256.0631772784,9.7,100.0,0.0,11375158.0,0.11659855454424
CAN,Canada,2017,20.03908,North America,48317.3874457163,22.8,100.0,0.0,36545075.0,0.7323296815309999
CHL,Chile,2017,5.696826,Latin America & Caribbean,24295.223766602,24.1,99.7,0.0,18558868.0,0.105726641752968
COL,Colombia,2017,3.476127,Latin America & Caribbean,14400.6139849314,32.2,98.5,0.0,48131078.0,0.167309739774906
CRI,Costa Rica,2017,3.16124,Latin America & Caribbean,20499.3442130778,33.3,99.6,0.0,4913177.0,0.01553173165948
CZE,Czechia,2017,12.21656,Europe & Central Asia,39346.030564257,14.5,100.0,0.0,10594438.0,0.12942758749327998
DNK,Denmark,2017,8.648594,Europe & Central Asia,55271.5976002659,35.0,100.0,0.0,5764980.0,0.049858971438119994
EST,Estonia,2017,15.76337,Europe & Central Asia,34506.6486942506,27.5,100.0,0.0,1317384.0,0.02076641142408
FIN,Finland,2017,9.988059,Europe & Central Asia,47234.8528600939,44.4,100.0,0.0,5508214.0,0.055016366416626
FRA,France,2017,7.110206,Europe & Central Asia,44469.1458856805,14.1,100.0,0.0,66918020.0,0.47580090731211994
DEU,Germany,2017,10.616,Europe & Central Asia,54110.2536648812,15.2,100.0,0.0,82657002.0,0.877486733232
GRC,Greece,2017,8.950194,Europe & Central Asia,28681.6815585005,16.4,100.0,0.0,10754679.0,0.096256463457726
HUN,Hungary,2017,6.664885,Europe & Central Asia,29728.0121568801,14.6,100.0,0.0,9726756.0,0.06482771016306
ISL,Iceland,2017,14.21876,Europe & Central Asia,55638.4920591794,80.8,100.0,0.0,343400.0,0.004882722183999999
IRL,Ireland,2017,12.87677,Europe & Central Asia,80450.3529336506,10.1,100.0,0.0,4827445.0,0.06216189895265
ISR,Israel,2017,9.580019,Middle East & North Africa,39470.8681262164,3.9,100.0,0.0,8713300.0,0.0834735795527
ITA,Italy,2017,7.159425,Europe & Central Asia,42142.3435406885,16.4,100.0,0.0,60002252.0,0.4295816230251
JPN,Japan,2017,9.992245,East Asia & Pacific,41444.2157443912,6.9,100.0,0.0,126972000.0,1.2687353321400001
KOR,Korea,2017,14.74389,East Asia & Pacific,43155.9100867658,2.8,100.0,0.0,51361911.0,0.75727436597379
LVA,Latvia,2017,5.551417,Europe & Central Asia,25763.9907709703,42.6,100.0,0.0,1942248.0,0.010782228565415998
LTU,Lithuania,2017,7.007361,Europe & Central Asia,31305.0436934372,33.8,100.0,0.0,2842639.0,0.019919397665679
LUX,Luxembourg,2017,17.24055,Europe & Central Asia,114985.842235989,15.3,100.0,0.0,596336.0,0.0102811606248
MEX,Mexico,2017,6.142427,North America,20488.7150800441,10.1,100.0,0.0,123400057.0,0.757975841918339
NLD,Netherlands,2017,11.09322,Europe & Central Asia,56037.567993606,6.4,100.0,0.0,17131296.0,0.19004123541312
NZL,New Zealand,2017,17.17259,East Asia & Pacific,42243.5084459397,28.4,100.0,0.0,4813600.0,0.082661979224
NOR,Norway,2017,9.982174,Europe & Central Asia,64589.5559196863,58.9,100.0,0.0,5276968.0,0.05267561276843201
POL,Poland,2017,10.66434,Europe & Central Asia,30170.2818974087,11.1,100.0,0.0,37974826.0,0.40497645590484
PRT,Portugal,2017,6.846301,Europe & Central Asia,32970.8395386562,24.4,100.0,0.0,10300300.0,0.0705189541903
SVK,Slovak Republic,2017,7.744914,Europe & Central Asia,30245.7825869756,12.4,100.0,0.0,5439232.0,0.042126384066047996
SVN,Slovenia,2017,8.639655,Europe & Central Asia,36180.0384547624,19.7,100.0,0.0,2066388.0,0.017852879416139996
ESP,Spain,2017,7.111025,Europe & Central Asia,39825.2498116292,15.2,100.0,0.0,46571232.0,0.33116919503279996
SWE,Sweden,2017,5.199349,Europe & Central Asia,51474.1199115161,51.8,100.0,0.0,10057698.0,0.05229348203860199
CHE,Switzerland,2017,5.731875,Europe & Central Asia,68193.5055940262,25.0,100.0,0.0,8451840.0,0.048444890399999996
TUR,Türkiye,2017,6.407755,Europe & Central Asia,28353.5406410966,11.4,100.0,0.0,80312698.0,0.51462409217299
GBR,United Kingdom,2017,7.134717,Europe & Central Asia,46113.0211677324,8.8,100.0,0.0,65966000.0,0.47064874162200004
USA,United States,2017,19.71985,North America,60047.7190728307,9.7,100.0,0.0,326608609.0,6.44067277818865
DZA,Algeria,2017,5.087825,Middle East & North Africa,13493.560749484,0.1,99.5,0.0,41689299.0,0.21210785768467497
ARG,Argentina,2017,7.752652,Latin America & Caribbean,23385.0740904917,10.4,100.0,0.0,44288894.0,0.343356382646888
BLR,Belarus,2017,9.421781,Europe & Central Asia,18413.747563367,7.3,98.7,0.0,9458989.0,0.089120522839409
BRA,Brazil,2017,5.765045,Latin America & Caribbean,14559.0488897884,45.3,99.8,0.0,204703445.0,1.1801245720800249
BRN,Brunei Darussalam,2017,25.98647,East Asia & Pacific,61657.6802725444,0.0,100.0,0.0,432772.0,0.01124621659484
BGR,Bulgaria,2017,8.421081,Europe & Central Asia,22317.2548948063,17.1,98.1,0.0,6803468.0,0.057292555108907996
CIV,Côte d’Ivoire,2017,1.741144,Sub-Saharan Africa,4690.17801861096,62.5,65.6,0.0,26733372.0,0.046546650257568004
HRV,Croatia,2017,6.318025,Europe & Central Asia,27887.7588440919,29.8,100.0,0.0,4041407.0,0.025533710461175
CUB,Cuba,2017,4.84334,Latin America & Caribbean,,22.0,99.4,0.0,11247829.0,0.054477060108860005
CYP,Cyprus,2017,7.117575,Europe & Central Asia,37768.1171875,10.9,100.0,0.0,1254275.0,0.008927396383125
EGY,Egypt,2017,3.436196,Middle East & North Africa,11124.7351098149,4.9,100.0,0.0,103696057.0,0.356319976279172
GEO,Georgia,2017,4.690071,Europe & Central Asia,13718.9378669764,27.5,100.0,0.0,3728004.0,0.017484603448284
GHA,Ghana,2017,1.265825,Sub-Saharan Africa,5170.96094857439,45.3,79.0,0.0,30008354.0,0.03798532470205
GTM,Guatemala,2017,1.852833,Latin America & Caribbean,9560.17783462724,65.0,93.3,0.0,16567357.0,0.030696545772381
GNB,Guinea-Bissau,2017,0.7177915,Sub-Saharan Africa,2081.81287227685,86.8,26.0,,1877072.0,0.0013473463264880002
GUY,Guyana,2017,6.172941,Latin America & Caribbean,12243.2225968541,22.1,90.0,,768479.0,0.004743775526738999
VAT,Holy See,2017,30.69888,Europe & Central Asia,,,,,,
IDN,Indonesia,2017,3.26231,East Asia & Pacific,10687.6409218443,25.2,98.1,0.0,267346658.0,0.87216767585998
KAZ,Kazakhstan,2017,20.84414,Europe & Central Asia,23973.0602295651,2.0,100.0,0.0,18651931.0,0.38878346103433997
KEN,Kenya,2017,1.201175,Sub-Saharan Africa,4177.24993580267,68.1,55.8,0.0,49197766.0,0.059095126575050005
LIE,Liechtenstein,2017,5.090501,Europe & Central Asia,,55.3,100.0,,37962.0,0.000193245598962
MYS,Malaysia,2017,9.808034,East Asia & Pacific,26415.5960203287,5.2,100.0,0.0,32355644.0,0.317345256443896
MDV,Maldives,2017,3.957199,South Asia,19767.8893613468,1.3,99.8,,458287.0,0.0018135328581130002
MLT,Malta,2017,4.311118,Europe & Central Asia,45763.7330585065,7.3,100.0,0.0,467106.0,0.0020137490845079996
MUS,Mauritius,2017,4.435731,Sub-Saharan Africa,22897.9700922102,9.4,99.6,0.0,1264887.0,0.0056106984773969994
MDA,Moldova,2017,4.155583,Europe & Central Asia,11252.1135465283,26.1,100.0,0.0,2755189.0,0.011449416570187
MCO,Monaco,2017,2.212514,Europe & Central Asia,,,100.0,,37678.0,8.3363102492e-05
NAM,Namibia,2017,4.37755,Sub-Saharan Africa,9887.9393548255,30.2,52.5,0.0,2506853.0,0.01097387435015
NPL,Nepal,2017,1.670359,South Asia,3604.70825949747,76.8,86.6,0.0,28011258.0,0.046788856901621996
NGA,Nigeria,2017,1.497191,Sub-Saharan Africa,7036.67414372387,81.6,54.4,0.0,200254579.0,0.29981935338758897
PAN,Panama,2017,4.376703,Latin America & Caribbean,33533.32602165,23.6,93.7,0.0,4098707.0,0.017938823223021
PER,Peru,2017,3.230646,Latin America & Caribbean,12591.8562879234,27.6,94.8,0.0,31324637.0,0.101198813225502
ROU,Romania,2017,5.98312,Europe & Central Asia,26943.3085419885,23.4,100.0,0.0,19588715.0,0.11720163249080001
RUS,Russia,2017,13.67797,Europe & Central Asia,25777.904296875,3.2,100.0,0.0,145293260.0,1.9873168514822002
RWA,Rwanda,2017,0.7771127,Sub-Saharan Africa,1967.94286602499,84.5,34.1,0.0,12202060.0,0.009482375792161999
SRB,Serbia,2017,9.189626,Europe & Central Asia,17285.4272257972,20.0,100.0,0.0,7020858.0,0.064519059219108
SGP,Singapore,2017,10.00177,East Asia & Pacific,95744.1821600957,0.7,100.0,0.0,5612253.0,0.056132463687810004
SLB,Solomon Islands,2017,0.8774037,East Asia & Pacific,2454.04671914243,49.0,62.9,,685672.0,0.0006016111497864
ZAF,South Africa,2017,8.678108,Sub-Saharan Africa,13738.4385854596,7.9,84.4,0.0,57635162.0,0.500164160433496
UKR,Ukraine,2017,7.236908,Europe & Central Asia,11536.0810546875,6.5,100.0,0.0,45436041.0,0.328816448601228
UZB,Uzbekistan,2017,5.397403,Europe & Central Asia,7818.01112977426,1.7,100.0,0.0,31819178.0,0.171740926794734
VEN,Venezuela,2017,7.086742,Latin America & Caribbean,,14.3,99.2,0.0,30565323.0,0.216608558247666
AUS,Australia,2015,22.76201,East Asia & Pacific,46464.5867627929,9.4,100.0,92.4085902645688,23815995.0,0.5420999163499499
AUT,Austria,2015,9.180776,Europe & Central Asia,49549.3162311441,34.8,100.0,65.7446718554832,8642699.0,0.07934668355442401
BEL,Belgium,2015,10.52475,Europe & Central Asia,46071.914889496,9.4,100.0,76.2959532196333,11274196.0,0.118658094351
CAN,Canada,2015,20.63403,North America,44668.0912814303,22.3,100.0,73.5167429679308,35704498.0,0.73672768286694
CHL,Chile,2015,5.585496,Latin America & Caribbean,22468.3125745547,25.1,99.7,75.7299683205292,18047625.0,0.10080493724699999
COL,Colombia,2015,3.604959,Latin America & Caribbean,13332.0555048211,31.1,98.2,27.2897009910218,46969940.0,0.16932470793246002
CRI,Costa Rica,2015,2.995665,Latin America & Caribbean,17525.1404625145,38.3,99.4,47.2809930395726,4818038.0,0.01443322780527
CZE,Czechia,2015,11.94751,Europe & Central Asia,34093.0280593748,14.8,100.0,75.349458412504,10546059.0,0.12599914536308998
DNK,Denmark,2015,8.831057,Europe & Central Asia,48897.2099776611,32.5,100.0,64.2118546852856,5683483.0,0.050191162331530995
EST,Estonia,2015,13.6325,Europe & Central Asia,29712.6299473728,28.2,100.0,14.7458979553125,1315407.0,0.017932285927500003
FIN,Finland,2015,10.04057,Europe & Central Asia,42257.8593791297,43.2,100.0,40.2290546321528,5479531.0,0.05501761457267001
FRA,France,2015,7.074852,Europe & Central Asia,40905.1767750994,13.3,100.0,45.17655073785,66548272.0,0.47081917525574396
DEU,Germany,2015,10.98749,Europe & Central Asia,48545.400721962,14.6,100.0,79.6280369964341,81686611.0,0.89753082149639
GRC,Greece,2015,8.878441,Europe & Central Asia,26607.7256796976,17.5,100.0,83.8825769351693,10820883.0,0.096072571283403
HUN,Hungary,2015,6.342242,Europe & Central Asia,26937.7320818864,15.6,100.0,66.1101625958775,9797755.0,0.06213973326671
ISL,Iceland,2015,14.63909,Europe & Central Asia,49201.0640964553,78.0,100.0,11.6681557626704,330815.0,0.004842830558349999
IRL,Ireland,2015,12.84987,Europe & Central Asia,71588.2656638378,9.5,100.0,85.1584419832208,4701957.0,0.06041953619559
ISR,Israel,2015,10.04037,Middle East & North Africa,35870.7927156301,3.7,100.0,,8380100.0,0.08413930463699999
ITA,Italy,2015,7.306344,Europe & Central Asia,37384.3796455406,16.6,100.0,78.9818167175667,60229605.0,0.44005821311412
JPN,Japan,2015,10.23948,East Asia & Pacific,40898.80697396,6.2,100.0,93.791450810853,127141000.0,1.30185772668
KOR,Korea,2015,14.24184,East Asia & Pacific,39794.1961180043,2.7,100.0,83.7249545111828,51014947.0,0.72654671278248
LVA,Latvia,2015,5.437304,Europe & Central Asia,22543.9183164105,38.1,100.0,58.9693424720148,1977527.0,0.010752415467208
LTU,Lithuania,2015,6.762146,Europe & Central Asia,26948.5919371645,29.0,100.0,-61.3788549830684,2911109.0,0.019685344079914
LUX,Luxembourg,2015,18.14989,Europe & Central Asia,107859.685999308,9.1,100.0,80.557939565617,569604.0,0.010338249943559998
MEX,Mexico,2015,6.157423,North America,19071.4444196466,9.2,99.0,90.902229466453,121072306.0,0.7454934016274379
NLD,Netherlands,2015,11.35148,Europe & Central Asia,50956.6930942185,5.8,100.0,92.0358227419405,16939923.0,0.19229319713604
NZL,New Zealand,2015,18.05449,East Asia & Pacific,37513.2963872442,29.3,100.0,59.8676753319445,4609400.0,0.083220366206
NOR,Norway,2015,10.4499,Europe & Central Asia,60737.8868132779,56.5,100.0,67.1990935878789,5188607.0,0.0542204242893
POL,Poland,2015,9.996041,Europe & Central Asia,26988.1069013509,11.9,100.0,89.981789775162,37986412.0,0.37971373179489204
PRT,Portugal,2015,6.502329,Europe & Central Asia,29608.0071513956,27.2,100.0,77.4088504318053,10358076.0,0.067351617959004
SVK,Slovak Republic,2015,7.453356,Europe & Central Asia,30147.9903672541,13.4,100.0,61.4679956079545,5423801.0,0.040425519726156
SVN,Slovenia,2015,8.179931,Europe & Central Asia,31336.2043858881,21.4,100.0,60.7201711919896,2063531.0,0.016879541196361
ESP,Spain,2015,7.110942,Europe & Central Asia,35228.6333036223,16.3,100.0,73.5325702286076,46422303.0,0.330106304139426
SWE,Sweden,2015,5.437399,Europe & Central Asia,48772.0696057277,51.9,100.0,28.0233212225209,9799186.0,0.053282084157214
CHE,Switzerland,2015,5.914449,Europe & Central Asia,65265.04573356,23.9,100.0,50.718459770259,8282396.0,0.048985808739804
TUR,Türkiye,2015,6.017152,Europe & Central Asia,25890.0548901058,13.3,100.0,87.4279766169034,78218479.0,0.470652477351808
GBR,United Kingdom,2015,7.837874,Europe & Central Asia,42515.278865824,7.7,100.0,80.0887890113877,65088000.0,0.510151542912
USA,United States,2015,20.65523,North America,56849.4697923159,8.9,100.0,82.3258162759788,321815121.0,6.64716534173283
DZA,Algeria,2015,5.177589,Middle East & North Africa,13807.3515841478,0.1,99.4,21.6261944417039,40019529.0,0.20720467313558102
ARG,Argentina,2015,7.907748,Latin America & Caribbean,19899.1499275245,9.4,99.7,56.2877376502912,43477012.0,0.343805254688976
BLR,Belarus,2015,9.338513,Europe & Central Asia,18133.5313085883,6.8,97.4,-1.22713201793634,9461076.0,0.08835238121998801
BRA,Brazil,2015,5.898276,Latin America & Caribbean,14821.4383175183,43.7,99.7,20.8080468349331,201675532.0,1.189537950182832
BRN,Brunei Darussalam,2015,26.25471,East Asia & Pacific,62707.8264437741,0.0,100.0,83.9758649172129,422212.0,0.011085053618519998
BGR,Bulgaria,2015,8.418443,Europe & Central Asia,18896.102861651,17.9,96.6,36.0044540423489,6984225.0,0.058796300061674994
CIV,Côte d’Ivoire,2015,1.878543,Sub-Saharan Africa,4403.64296618998,64.5,62.6,3.19031774476553,25246342.0,0.047426339039706
HRV,Croatia,2015,5.916793,Europe & Central Asia,23749.636747943,33.1,100.0,28.9491579322369,4151725.0,0.024564897417925
CUB,Cuba,2015,5.264931,Latin America & Caribbean,,21.1,99.0,14.3480911944304,11275065.0,0.05936243924551499
CYP,Cyprus,2015,6.822128,Europe & Central Asia,31380.19921875,10.4,100.0,90.7086388884335,1219502.0,0.008319598740256
EGY,Egypt,2015,3.355361,Middle East & North Africa,10903.3368231185,5.3,99.3,62.7106573100733,99597342.0,0.334185037050462
GEO,Georgia,2015,4.87484,Europe & Central Asia,12269.6528932768,27.5,100.0,73.9831016961049,3725276.0,0.018160124455839997
GHA,Ghana,2015,1.141843,Sub-Saharan Africa,5191.37053389659,44.0,74.0,52.7763309052231,28696068.0,0.032766404373324
GTM,Guatemala,2015,1.855356,Latin America & Caribbean,8934.00261178396,63.3,90.5,37.1328303046182,15971743.0,0.029633269205508
GNB,Guinea-Bissau,2015,0.7274069,Sub-Saharan Africa,1729.94260310123,87.2,20.1,,1786457.0,0.0012994811483533
GUY,Guyana,2015,6.085563,Latin America & Caribbean,11408.473901349,25.0,88.0,,758781.0,0.0046176095787029995
VAT,Holy See,2015,30.24434,Europe & Central Asia,,,,,,
IDN,Indonesia,2015,3.153344,East Asia & Pacific,10027.5372996025,26.6,97.5,54.3204501030138,261799249.0,0.825543091038656
KAZ,Kazakhstan,2015,20.38768,Europe & Central Asia,22484.3651382607,1.7,100.0,,18084169.0,0.36869425063792
KEN,Kenya,2015,1.18458,Sub-Saharan Africa,3678.32614146019,69.2,41.6,16.0446966269871,47088526.0,0.055780126129079996
LIE,Liechtenstein,2015,5.279607,Europe & Central Asia,,55.5,100.0,,37494.0,0.000197953584858
MYS,Malaysia,2015,10.1734,East Asia & Pacific,24526.3942716012,3.4,99.9,67.090436989764,31232798.0,0.31774374717320003
MDV,Maldives,2015,3.612897,South Asia,17875.0989419262,1.5,99.8,,428154.0,0.001546876302138
MLT,Malta,2015,4.82424,Europe & Central Asia,38368.7020383117,6.0,100.0,82.3987161613524,444220.0,0.0021430238928
MUS,Mauritius,2015,4.04746,Sub-Saharan Africa,20269.523509561,11.5,99.6,83.3412463635896,1262879.0,0.005111452237340001
MDA,Moldova,2015,4.00439,Europe & Central Asia,9197.61838204272,24.7,99.9,81.5491493364742,2835978.0,0.01135636194342
MCO,Monaco,2015,2.395645,Europe & Central Asia,,,100.0,,36757.0,8.805672326500001e-05
NAM,Namibia,2015,4.74826,Sub-Saharan Africa,10465.8920558516,29.3,51.6,75.6400926172033,2374300.0,0.011273793718
NPL,Nepal,2015,1.539005,South Asia,2957.30559145504,85.2,82.0,14.4302812274562,27823629.0,0.042820704149145
NGA,Nigeria,2015,1.524813,Sub-Saharan Africa,7307.83788188925,81.3,52.5,41.6855609438584,190671878.0,0.29073895830881397
PAN,Panama,2015,4.493486,Latin America & Caribbean,27245.2788402631,22.0,91.6,83.0773809320924,3960035.0,0.01779436183201
PER,Peru,2015,3.211313,Latin America & Caribbean,11600.3873992867,27.4,93.9,32.8482212292054,30457600.0,0.09780888682880001
ROU,Romania,2015,5.878012,Europe & Central Asia,21624.5618152909,23.7,98.8,39.0055100121455,19815616.0,0.116476428635392
RUS,Russia,2015,13.54438,Europe & Central Asia,23994.013671875,3.2,95.5,49.9404108669885,144640716.0,1.95906882097608
RWA,Rwanda,2015,0.8212945,Sub-Saharan Africa,1780.74171636863,86.3,22.8,0.0,11640022.0,0.009559886048479
SRB,Serbia,2015,8.753469,Europe & Central Asia,15546.298142138,21.2,99.9,64.5530819537914,7095383.0,0.06210921513362701
SGP,Singapore,2015,9.832285,East Asia & Pacific,87156.187383315,0.7,100.0,-48.6360699655692,5535002.0,0.05442171713957
SLB,Solomon Islands,2015,0.8123034,East Asia & Pacific,2353.78235283681,48.6,55.1,,639415.0,0.000519398978511
ZAF,South Africa,2015,9.035033,Sub-Saharan Africa,13397.5234813346,7.6,85.3,80.1018513142697,56723537.0,0.512499028671721
UKR,Ukraine,2015,7.093762,Europe & Central Asia,9921.833984375,4.2,100.0,65.6881469361533,45784896.0,0.324787155418752
UZB,Uzbekistan,2015,5.430871,Europe & Central Asia,6799.57332842183,1.7,99.9,,30749346.0,0.16699573146036598
VEN,Venezuela,2015,7.611277,Latin America & Caribbean,,15.4,100.0,3.02360811424354,30573972.0,0.232706969882244
AUS,Australia,2022,19.98485,East Asia & Pacific,66103.1797066957,,100.0,0.0,26018721.0,0.5199802363768501
AUT,Austria,2022,8.110068,Europe & Central Asia,72065.4974270106,,100.0,0.0,9041851.0,0.073330026455868
BEL,Belgium,2022,8.845402,Europe & Central Asia,69128.1388883843,,100.0,0.0,11680210.0,0.10331615289442
CAN,Canada,2022,18.02878,North America,63944.1050100687,,100.0,0.0,38935934.0,0.7019673881805201
CHL,Chile,2022,5.679356,Latin America & Caribbean,30932.0010873677,,100.0,0.0,19553036.0,0.111048652324816
CZE,Czechia,2022,10.72959,Europe & Central Asia,52946.9660854462,,100.0,0.0,10672118.0,0.11450745057162
DNK,Denmark,2022,7.198875,Europe & Central Asia,78913.6534913127,,100.0,0.0,5903037.0,0.042495225483375
EST,Estonia,2022,10.48012,Europe & Central Asia,48217.5523106028,,100.0,0.0,1348840.0,0.014136005060799999
FIN,Finland,2022,8.196082,Europe & Central Asia,62133.1375219912,,100.0,0.0,5556106.0,0.04553830037669201
FRA,France,2022,6.074304,Europe & Central Asia,57042.9449013772,,100.0,0.0,68184457.0,0.414173119892928
DEU,Germany,2022,8.905058,Europe & Central Asia,69048.9884036885,,100.0,0.0,83177813.0,0.7407032490781541
GRC,Greece,2022,7.468909,Europe & Central Asia,39612.4406377916,,100.0,0.0,10436882.0,0.077952121901738
HUN,Hungary,2022,6.167502,Europe & Central Asia,44365.9108128343,,100.0,0.0,9605074.0,0.059239313105147996
ISL,Iceland,2022,12.57169,Europe & Central Asia,75332.8528345867,,100.0,0.0,382003.0,0.00480242329507
IRL,Ireland,2022,11.53821,Europe & Central Asia,138522.517800204,,100.0,0.0,5212836.0,0.06014679646356
ISR,Israel,2022,8.936344,Middle East & North Africa,53619.0680995095,,100.0,0.0,9557500.0,0.08540910778000001
ITA,Italy,2022,6.91256,Europe & Central Asia,57260.8945372493,,100.0,0.0,59013667.0,0.40793551395752004
JPN,Japan,2022,8.91251,East Asia & Pacific,47192.0500603372,,100.0,0.0,125124989.0,1.1151777157123899
KOR,Korea,2022,13.98723,East Asia & Pacific,55509.3368761174,,100.0,0.0,51672569.0,0.72275610729387
LVA,Latvia,2022,5.372667,Europe & Central Asia,40558.7495841122,,100.0,0.0,1879383.0,0.010097299024461
LTU,Lithuania,2022,6.529821,Europe & Central Asia,50936.0049547442,,100.0,0.0,2831639.0,0.018490095806619
LUX,Luxembourg,2022,12.57329,Europe & Central Asia,146919.145398494,,100.0,0.0,653103.0,0.00821165341887
MEX,Mexico,2022,5.919702,North America,23135.4931601276,,100.0,0.0,128613117.0,0.761351325931134
NLD,Netherlands,2022,8.550703,Europe & Central Asia,78630.3599072098,,100.0,0.0,17700982.0,0.151355839890346
NZL,New Zealand,2022,15.19625,East Asia & Pacific,54033.9130125651,,100.0,0.0,5081700.0,0.077222783625
NOR,Norway,2022,8.954423,Europe & Central Asia,125489.548935602,,100.0,0.0,5457127.0,0.048865423522721003
POL,Poland,2022,9.91145,Europe & Central Asia,46777.5524519162,,100.0,0.0,36821749.0,0.36495692412605
PRT,Portugal,2022,5.402277,Europe & Central Asia,45250.0148759865,,100.0,0.0,10434332.0,0.056369151773963996
SVK,Slovak Republic,2022,6.731154,Europe & Central Asia,41562.1497793913,,100.0,0.0,5431752.0,0.036561959201808
SVN,Slovenia,2022,7.355082,Europe & Central Asia,52347.109726538,,100.0,0.0,2112076.0,0.015534492170231999
ESP,Spain,2022,6.111369,Europe & Central Asia,51398.9310403407,,100.0,0.0,47786102.0,0.292038502393638
SWE,Sweden,2022,4.214768,Europe & Central Asia,67075.6762724717,,100.0,0.0,10486941.0,0.044200023344688005
CHE,Switzerland,2022,4.754273,Europe & Central Asia,94421.4576550424,,100.0,0.0,8777088.0,0.04172867249702401
TUR,Türkiye,2022,6.434767,Europe & Central Asia,39564.1103267333,,100.0,0.0,84979913.0,0.546825939835271
GBR,United Kingdom,2022,5.954677,Europe & Central Asia,59021.5721805914,,100.0,0.0,67604000.0,0.402559983908
USA,United States,2022,18.5727,North America,77860.9112908848,,100.0,0.0,334017321.0,6.2036034977367
DZA,Algeria,2022,5.281784,Middle East & North Africa,15836.0944370321,,100.0,0.0,45477389.0,0.240201745581976
ARG,Argentina,2022,7.697249,Latin America & Caribbean,29808.8073468007,,100.0,0.0,45407904.0,0.349515943656096
AZE,Azerbaijan,2022,7.256195,Europe & Central Asia,22552.0886560523,,100.0,0.0,10141756.0,0.07359055917841999
BLR,Belarus,2022,9.631652,Europe & Central Asia,28429.4948821827,,100.0,0.0,9228071.0,0.08888156850329201
BTN,Bhutan,2022,1.790353,East Asia & Pacific,15063.8105763072,82.5,100.0,,780914.0,0.0013981117226420001
BRA,Brazil,2022,5.865453,Latin America & Caribbean,19876.8533531396,,100.0,0.0,210306415.0,1.233542392780995
BRN,Brunei Darussalam,2022,29.67097,East Asia & Pacific,81801.7459224403,,100.0,0.0,455370.0,0.0135112696089
BGR,Bulgaria,2022,8.555132,Europe & Central Asia,36320.1422295192,,100.0,0.0,6465097.0,0.055309758227804005
CIV,Côte d’Ivoire,2022,2.695429,Sub-Saharan Africa,6719.44381557637,,72.0,0.0,30395002.0,0.08192756984585799
HRV,Croatia,2022,6.276711,Europe & Central Asia,42125.0726930931,,100.0,0.0,3855641.0,0.024200744276751
CUB,Cuba,2022,4.466265,Latin America & Caribbean,,,100.0,0.0,11059820.0,0.0493960869723
CYP,Cyprus,2022,6.261792,Europe & Central Asia,55876.17578125,,100.0,0.0,1331370.0,0.00833676201504
EGY,Egypt,2022,3.429381,Middle East & North Africa,17526.8017030166,,100.0,0.0,112618250.0,0.38621088680324994
GEO,Georgia,2022,5.296077,Europe & Central Asia,22461.3326414547,,100.0,0.0,3712502.0,0.019661696454654
GHA,Ghana,2022,1.446825,Sub-Saharan Africa,7208.15798982723,,85.1,0.0,33149152.0,0.047961021842399996
GTM,Guatemala,2022,1.847079,Latin America & Caribbean,13014.0153809826,,99.1,0.0,17847877.0,0.032966438801283
GNB,Guinea-Bissau,2022,0.7657315,Sub-Saharan Africa,2788.83773937954,87.4,37.4,,2105529.0,0.0016122698794635
GUY,Guyana,2022,10.29586,Latin America & Caribbean,39710.9695607531,12.1,93.0,,821637.0,0.00845945952282
VAT,Holy See,2022,31.39618,Europe & Central Asia,,,,,,
IDN,Indonesia,2022,3.839404,East Asia & Pacific,14284.929293133,,100.0,0.0,278830529.0,1.070543048364716
KAZ,Kazakhstan,2022,17.19394,Europe & Central Asia,35895.0839871667,,100.0,0.0,20034609.0,0.34447386506946004
KEN,Kenya,2022,1.222736,Sub-Saharan Africa,5883.22303961921,,76.0,0.0,54252461.0,0.066336437153296
LBN,Lebanon,2022,3.571952,Middle East & North Africa,12292.8407305501,,100.0,0.0,5744489.0,0.020519038972528
LIE,Liechtenstein,2022,4.195264,Europe & Central Asia,,56.9,100.0,,39493.0,0.00016568356115200002
MDV,Maldives,2022,4.502358,South Asia,22880.5123151419,1.2,100.0,,524106.0,0.0023597128419480004
MLT,Malta,2022,4.278131,Europe & Central Asia,60588.8890591794,,100.0,0.0,531113.0,0.002272170989803
MUS,Mauritius,2022,4.624897,Sub-Saharan Africa,26874.4899927593,,100.0,0.0,1262523.0,0.0058390388351309995
MDA,Moldova,2022,4.260492,Europe & Central Asia,16452.9621192,,100.0,0.0,2528654.0,0.010773310137768
MCO,Monaco,2022,1.671067,Europe & Central Asia,,,100.0,,38931.0,6.5056309377e-05
MAR,Morocco,2022,2.655225,Middle East & North Africa,9310.0322265625,,100.0,0.0,37329064.0,0.09911706395940001
NAM,Namibia,2022,4.355369,Sub-Saharan Africa,10662.7017064119,,56.2,0.0,2889662.0,0.012585544295278
NPL,Nepal,2022,1.959157,South Asia,5102.99231132947,,91.3,0.0,29715436.0,0.058217204447452
NGA,Nigeria,2022,1.472081,Sub-Saharan Africa,8304.9581050353,,60.5,0.0,223150896.0,0.32849619413457604
ROU,Romania,2022,5.721738,Europe & Central Asia,41979.2586767087,,100.0,0.0,19048502.0,0.108990537736476
RUS,Russia,2022,13.91034,Europe & Central Asia,40938.98828125,,100.0,0.0,144236933.0,2.0063847785872198
RWA,Rwanda,2022,0.9296069,Sub-Saharan Africa,3098.67700634994,79.9,50.6,0.0,13651030.0,0.012690091680106999
SRB,Serbia,2022,9.226242,Europe & Central Asia,26142.8279237665,,100.0,0.0,6664449.0,0.061487819270657995
SGP,Singapore,2022,10.36283,East Asia & Pacific,143094.949896959,,100.0,0.0,5637022.0,0.05841550069226
SLB,Solomon Islands,2022,0.7385193,East Asia & Pacific,2496.22734577831,50.1,76.0,,781066.0,0.0005768323155738
ZAF,South Africa,2022,7.626128,Sub-Saharan Africa,14749.0478045301,,86.5,0.0,62378410.0,0.47570573909647995
THA,Thailand,2022,5.356871,East Asia & Pacific,22243.0747727026,,99.9,0.0,71735329.0,0.384276903595559
UKR,Ukraine,2022,5.826824,Europe & Central Asia,14770.0712890625,,100.0,0.0,41048766.0,0.23918393489918402
URY,Uruguay,2022,11.06299,Latin America & Caribbean,33000.918699951,,100.0,0.0,3390913.0,0.03751363660986999
UZB,Uzbekistan,2022,5.999439,Europe & Central Asia,10292.5309427485,,100.0,0.0,34938955.0,0.209614129246245
VEN,Venezuela,2022,5.68212,Latin America & Caribbean,,,100.0,0.0,28213017.0,0.16030974815604002
AUS,Australia,2018,22.44748,East Asia & Pacific,50371.233830782,9.8,100.0,0.0,24963258.0,0.5603622346898399
AUT,Austria,2018,8.984918,Europe & Central Asia,56636.4953030542,34.1,100.0,0.0,8840521.0,0.079431356262278
BEL,Belgium,2018,10.26945,Europe & Central Asia,52466.7330784599,10.7,100.0,0.0,11427054.0,0.1173495597003
CAN,Canada,2018,20.0309,North America,49982.5999118346,22.3,100.0,0.0,37072620.0,0.7425979439579999
CHL,Chile,2018,5.672374,Latin America & Caribbean,25305.0903462611,25.5,100.0,0.0,18893191.0,0.107169245405434
COL,Colombia,2018,3.619326,Latin America & Caribbean,15239.4049488277,30.4,98.5,0.0,49024465.0,0.17743552081059
CRI,Costa Rica,2018,3.200677,Latin America & Caribbean,21498.0350746836,33.1,99.7,0.0,4957818.0,0.015868374042786
CZE,Czechia,2018,11.98083,Europe & Central Asia,41638.1831076596,14.7,100.0,0.0,10629928.0,0.12735536028023997
DNK,Denmark,2018,8.580415,Europe & Central Asia,57233.6231685618,34.6,100.0,0.0,5793636.0,0.04971180123894
EST,Estonia,2018,15.09539,Europe & Central Asia,37120.9879761677,28.6,100.0,0.0,1321977.0,0.01995575838603
FIN,Finland,2018,10.1648,Europe & Central Asia,49248.6775395866,44.2,100.0,0.0,5515525.0,0.05606420852
FRA,France,2018,6.790996,Europe & Central Asia,46381.0590629457,15.2,100.0,0.0,67158348.0,0.456072072634608
DEU,Germany,2018,10.22998,Europe & Central Asia,56273.0405627017,16.0,100.0,0.0,82905782.0,0.84812449174436
GRC,Greece,2018,8.667607,Europe & Central Asia,29792.0592519585,17.9,100.0,0.0,10732882.0,0.093028403153374
HUN,Hungary,2018,6.668178,Europe & Central Asia,32258.2577892511,13.6,100.0,0.0,9706964.0,0.06472776379159201
ISL,Iceland,2018,14.01085,Europe & Central Asia,57197.7676247175,81.4,100.0,0.0,352721.0,0.004941921022850001
IRL,Ireland,2018,12.64129,Europe & Central Asia,86299.3420216976,10.8,100.0,0.0,4898022.0,0.06191731652838
ISR,Israel,2018,9.441315,Middle East & North Africa,40189.9909957069,3.8,100.0,0.0,8882800.0,0.083865312882
ITA,Italy,2018,7.105342,Europe & Central Asia,43386.7005868803,17.1,100.0,0.0,60148658.0,0.427376785931036
JPN,Japan,2018,9.639091,East Asia & Pacific,42141.9352987758,7.3,100.0,0.0,126811000.0,1.222342768801
KOR,Korea,2018,15.17932,East Asia & Pacific,45511.0803506331,3.2,100.0,0.0,51585058.0,0.78302610260056
LVA,Latvia,2018,5.843408,Europe & Central Asia,29817.8047263182,41.0,100.0,0.0,1927174.0,0.011261263968992
LTU,Lithuania,2018,6.951449,Europe & Central Asia,36491.9385223689,33.7,100.0,0.0,2819200.0,0.0195975250208
LUX,Luxembourg,2018,17.40738,Europe & Central Asia,116638.414163882,16.0,100.0,0.0,607950.0,0.010582816671
MEX,Mexico,2018,6.075221,North America,20921.4775277572,10.3,99.5,0.0,124573711.0,0.756812825115131
NLD,Netherlands,2018,10.73006,Europe & Central Asia,58819.2609142584,7.4,100.0,0.0,17231624.0,0.18489635941744
NZL,New Zealand,2018,16.9124,East Asia & Pacific,42527.2784103301,28.9,100.0,0.0,4900600.0,0.08288090744000001
NOR,Norway,2018,9.944004,Europe & Central Asia,70253.8463693386,58.9,100.0,0.0,5311916.0,0.052821713951664004
POL,Poland,2018,10.67059,Europe & Central Asia,32345.1066076225,15.1,100.0,0.0,37974750.0,0.4052129876025
PRT,Portugal,2018,6.491846,Europe & Central Asia,34896.7993382974,27.5,100.0,0.0,10283822.0,0.066760988715412
SVK,Slovak Republic,2018,7.707138,Europe & Central Asia,31509.8187291635,12.4,100.0,0.0,5446771.0,0.041979015751397994
SVN,Slovenia,2018,8.531396,Europe & Central Asia,38620.2045436305,20.6,100.0,0.0,2073894.0,0.017693210976024002
ESP,Spain,2018,6.955995,Europe & Central Asia,41015.1565755187,16.9,100.0,0.0,46782011.0,0.32541543460594496
SWE,Sweden,2018,5.05477,Europe & Central Asia,53122.438677218,51.6,100.0,0.0,10175214.0,0.051433366470780006
CHE,Switzerland,2018,5.508288,Europe & Central Asia,70688.8187491194,24.2,100.0,0.0,8514329.0,0.046899376258752005
TUR,Türkiye,2018,6.275307,Europe & Central Asia,28640.3401839802,11.8,100.0,0.0,81407204.0,0.510855197111628
GBR,United Kingdom,2018,6.976843,Europe & Central Asia,47212.2045190522,10.2,100.0,0.0,66289000.0,0.46248794562699996
USA,United States,2018,20.15406,North America,62875.6661382728,9.9,100.0,0.0,328529577.0,6.621204806632621
DZA,Algeria,2018,5.262534,Middle East & North Africa,13727.1266357859,0.2,99.6,0.0,42505035.0,0.22368419185868998
ARG,Argentina,2018,7.699173,Latin America & Caribbean,24410.3919063335,10.5,100.0,0.0,44654882.0,0.343805661812586
BLR,Belarus,2018,9.746824,Europe & Central Asia,20025.9815543598,7.2,99.3,0.0,9438785.0,0.09199817616884001
BRA,Brazil,2018,5.63276,Latin America & Caribbean,15463.7426393743,46.9,99.7,0.0,206107261.0,1.16095273547036
BRN,Brunei Darussalam,2018,25.09908,East Asia & Pacific,65148.8264035521,0.0,100.0,0.0,437810.0,0.010988628214800001
BGR,Bulgaria,2018,7.861728,Europe & Central Asia,23997.6876896184,19.6,98.7,0.0,6710798.0,0.052758468538943996
CIV,Côte d’Ivoire,2018,1.710556,Sub-Saharan Africa,4945.62520575915,60.5,67.1,0.0,27464173.0,0.046979005910188
HRV,Croatia,2018,6.123429,Europe & Central Asia,29789.1305400916,32.8,100.0,0.0,3988775.0,0.024424980509475
CUB,Cuba,2018,4.803382,Latin America & Caribbean,,24.0,99.6,0.0,11227118.0,0.053928136513076
CYP,Cyprus,2018,6.939748,Europe & Central Asia,40262.30859375,12.0,100.0,0.0,1270737.0,0.008818594554276
EGY,Egypt,2018,3.463126,Middle East & North Africa,12329.2446781436,5.0,100.0,0.0,105682094.0,0.365990407465844
GEO,Georgia,2018,4.652597,Europe & Central Asia,15021.9057577433,27.4,99.9,0.0,3726549.0,0.017338130697753
GHA,Ghana,2018,1.312229,Sub-Saharan Africa,5536.49795400218,42.1,80.4,0.0,30637585.0,0.040203527526965
GTM,Guatemala,2018,1.868301,Latin America & Caribbean,9946.80252245268,64.0,94.2,0.0,16845685.0,0.031472810131185
GNB,Guinea-Bissau,2018,0.6934381,Sub-Saharan Africa,2057.96969129146,86.6,28.4,,1922168.0,0.0013329045258008
GUY,Guyana,2018,6.167833,Latin America & Caribbean,12442.5087185876,16.8,90.9,,791556.0,0.0048821852181479995
VAT,Holy See,2018,29.40696,Europe & Central Asia,,,,,,
IDN,Indonesia,2018,3.378282,East Asia & Pacific,11372.0971987612,22.0,98.5,0.0,269951846.0,0.911973462208572
KAZ,Kazakhstan,2018,21.34503,Europe & Central Asia,25096.1285862615,1.9,100.0,0.0,18932727.0,0.40411962579681004
KEN,Kenya,2018,1.223337,Sub-Saharan Africa,4411.56104120886,68.7,61.2,0.0,50207107.0,0.061420211656058994
LIE,Liechtenstein,2018,4.732372,Europe & Central Asia,,56.8,100.0,,38246.0,0.000180994299512
MYS,Malaysia,2018,9.79379,East Asia & Pacific,27793.5674222948,5.3,100.0,0.0,32910967.0,0.32232309949493
MDV,Maldives,2018,4.197021,South Asia,21899.4292993843,1.3,100.0,,473099.0,0.001985606438079
MLT,Malta,2018,4.165486,Europe & Central Asia,48178.2920560941,7.6,100.0,0.0,483903.0,0.002015691171858
MUS,Mauritius,2018,4.478291,Sub-Saharan Africa,23415.5237589118,9.2,99.8,0.0,1265577.0,0.005667622088907
MDA,Moldova,2018,4.406259,Europe & Central Asia,11868.1955463223,25.3,100.0,0.0,2707203.0,0.011928637583577002
MCO,Monaco,2018,2.261659,Europe & Central Asia,,,100.0,,38154.0,8.629133748599999e-05
MAR,Morocco,2018,2.586243,Middle East & North Africa,7801.0986328125,10.9,98.1,0.0,35839760.0,0.09269032842168
NAM,Namibia,2018,4.198732,Sub-Saharan Africa,9853.73533646074,30.9,52.3,0.0,2577327.0,0.010821505349364
NPL,Nepal,2018,1.761065,South Asia,3956.12461094443,75.0,93.9,0.0,28079689.0,0.049450157508785
NGA,Nigeria,2018,1.512795,Sub-Saharan Africa,7158.17107571781,80.8,56.5,0.0,204938755.0,0.31003032387022494
PAN,Panama,2018,4.362435,Latin America & Caribbean,32463.5403500842,24.5,93.8,0.0,4167860.0,0.0181820183391
PER,Peru,2018,3.189103,Latin America & Caribbean,13078.2323503405,27.9,95.2,0.0,31897584.0,0.101724680827152
ROU,Romania,2018,6.048876,Europe & Central Asia,29382.7567479407,23.0,99.8,0.0,19473970.0,0.11779562975772
RUS,Russia,2018,14.07665,Europe & Central Asia,28628.5625,3.2,100.0,0.0,145398106.0,2.0467182488249
RWA,Rwanda,2018,0.7978748,Sub-Saharan Africa,2125.49522712839,82.8,38.0,0.0,12487996.0,0.0099638573109008
SRB,Serbia,2018,9.022214,Europe & Central Asia,18469.022619005,21.0,100.0,0.0,6982604.0,0.062998547565256
SGP,Singapore,2018,10.08684,East Asia & Pacific,103963.36329269,0.8,100.0,0.0,5638676.0,0.05687642262384
SLB,Solomon Islands,2018,0.8389294,East Asia & Pacific,2493.97675737551,48.6,65.8,,709101.0,0.0005948856764694001
ZAF,South Africa,2018,8.537099,Sub-Saharan Africa,13347.3634826038,8.0,84.7,0.0,58613001.0,0.5003849922240989
UKR,Ukraine,2018,7.631061,Europe & Central Asia,12554.8486328125,6.9,100.0,0.0,45208907.0,0.344991927060327
UZB,Uzbekistan,2018,5.80262,Europe & Central Asia,8128.75520303523,1.5,100.0,0.0,32373490.0,0.1878510605438
VEN,Venezuela,2018,6.191895,Latin America & Caribbean,,14.6,99.9,0.0,29807592.0,0.18456547986684
AUS,Australia,2014,22.74019,East Asia & Pacific,47108.5906459966,9.3,100.0,92.1303249972753,23475686.0,0.53384156002034
AUT,Austria,2014,9.033319,Europe & Central Asia,48355.4977624407,35.7,100.0,65.0375293839374,8546356.0,0.07720196003556401
BEL,Belgium,2014,10.21425,Europe & Central Asia,45147.6429534057,9.1,100.0,72.7601177085285,11209057.0,0.11449211046225
CAN,Canada,2014,20.97687,North America,45758.1007297304,22.2,100.0,74.3072940366545,35434066.0,0.7432957960534201
CHL,Chile,2014,5.283227,Latin America & Caribbean,22553.6161787372,27.0,100.0,76.0638394134275,17864195.0,0.09438059735726499
COL,Colombia,2014,3.509622,Latin America & Caribbean,13355.3624162195,32.1,97.8,62.4490230103264,46565429.0,0.163427054057838
CRI,Costa Rica,2014,3.075124,Latin America & Caribbean,16393.8095428323,37.6,99.4,48.2377466247926,4767119.0,0.014659482047756002
CZE,Czechia,2014,11.91482,Europe & Central Asia,32743.489773169,14.8,100.0,73.9740382544337,10525347.0,0.12540761494254
DNK,Denmark,2014,9.377474,Europe & Central Asia,47879.5955558233,30.2,100.0,67.50530308518,5643475.0,0.05292154008215
EST,Estonia,2014,15.96656,Europe & Central Asia,29403.6584494815,25.3,100.0,15.7466116982443,1314545.0,0.020988761615199997
FIN,Finland,2014,10.7283,Europe & Central Asia,41547.0984485393,41.2,100.0,41.9617975513844,5461512.0,0.05859273918960001
FRA,France,2014,7.046576,Europe & Central Asia,40218.1258637776,13.2,100.0,45.0352121657311,66312067.0,0.467273019832592
DEU,Germany,2014,10.98049,Europe & Central Asia,47938.7968210418,14.0,100.0,79.3957288542964,80982500.0,0.889227531425
GRC,Greece,2014,9.174307,Europe & Central Asia,26450.181326726,16.4,100.0,85.8514763736282,10892413.0,0.099930340832791
HUN,Hungary,2014,6.00465,Europe & Central Asia,25796.2100959256,15.7,100.0,65.3462673027725,9833038.0,0.0590439516267
ISL,Iceland,2014,14.53881,Europe & Central Asia,45996.9687476901,77.6,100.0,10.9096604926827,327386.0,0.00475980285066
IRL,Ireland,2014,12.47143,Europe & Central Asia,52640.7843918553,8.8,100.0,84.9011662601824,4657740.0,0.058088678368199996
ISR,Israel,2014,9.849664,Middle East & North Africa,34816.2422460071,3.7,100.0,,8215700.0,0.08092188452480001
ITA,Italy,2014,7.120819,Europe & Central Asia,36665.68576775,17.1,100.0,78.5887352149793,60320707.0,0.42953283649903296
JPN,Japan,2014,10.5282,East Asia & Pacific,39555.4120089198,5.6,100.0,95.0909540310789,127276000.0,1.3399871832
KOR,Korea,2014,14.33164,East Asia & Pacific,37032.1724172561,2.9,100.0,84.837677016859,50746659.0,0.7272828479907599
LVA,Latvia,2014,5.373127,Europe & Central Asia,21553.6623204436,40.2,100.0,56.7125719593452,1993782.0,0.010712843896314
LTU,Lithuania,2014,6.594755,Europe & Central Asia,26274.7488764946,27.7,100.0,68.1948652301111,2937253.0,0.019370463908015
LUX,Luxembourg,2014,19.4309,Europe & Central Asia,105296.284588232,6.8,100.0,83.1188430288718,556319.0,0.010809778857100001
MEX,Mexico,2014,6.141273,North America,18820.7991098584,9.8,99.2,89.516999817291,119784261.0,0.735627847904253
NLD,Netherlands,2014,10.9876,Europe & Central Asia,49751.3092860822,5.6,100.0,93.2981887679315,16865008.0,0.1853059619008
NZL,New Zealand,2014,18.4279,East Asia & Pacific,37331.3155732447,29.0,100.0,60.8657651177121,4516500.0,0.08322961035000001
NOR,Norway,2014,10.45206,Europe & Central Asia,66332.4614374198,55.8,100.0,58.7135472017842,5137232.0,0.05369465709792
POL,Poland,2014,9.929695,Europe & Central Asia,25459.7392273761,11.6,100.0,90.0737317204914,38011735.0,0.37744493497082504
PRT,Portugal,2014,6.078352,Europe & Central Asia,28764.5254955042,30.5,100.0,72.7805736947789,10401062.0,0.063221316009824
SVK,Slovak Republic,2014,7.319902,Europe & Central Asia,29108.072180194,12.2,100.0,62.4581924695215,5418649.0,0.039663979652398
SVN,Slovenia,2014,8.093888,Europe & Central Asia,30571.9753019832,22.9,100.0,59.6566780751409,2061980.0,0.016689435178239998
ESP,Spain,2014,6.857054,Europe & Central Asia,33760.9555646369,17.3,100.0,71.7388098678952,46460733.0,0.318583755060582
SWE,Sweden,2014,5.515628,Europe & Central Asia,46841.4019746739,48.6,100.0,29.5874205091071,9696110.0,0.05348013580708
CHE,Switzerland,2014,6.044053,Europe & Central Asia,63417.0438110319,22.2,100.0,49.2043626679746,8188649.0,0.049492628554397004
TUR,Türkiye,2014,5.997226,Europe & Central Asia,24192.537613837,11.5,100.0,91.3802710997426,77181884.0,0.462877201453784
GBR,United Kingdom,2014,8.215401,Europe & Central Asia,41266.8197795309,6.6,100.0,82.9732271356392,64620000.0,0.53087921262
USA,United States,2014,21.37271,North America,55153.3940182967,9.0,100.0,83.4019897520666,319257560.0,6.8233992451876
DZA,Algeria,2014,5.151576,Middle East & North Africa,14694.143827383,0.1,99.3,97.0302900324726,39205031.0,0.201967696778856
ARG,Argentina,2014,7.848993,Latin America & Caribbean,19487.4181748868,9.8,100.0,92.3836622192159,43024071.0,0.337695632110503
BLR,Belarus,2014,9.893406,Europe & Central Asia,19037.8847440186,6.7,96.8,92.8514440851526,9448515.0,0.09347799499209
BRA,Brazil,2014,6.026185,Latin America & Caribbean,15827.3081625749,41.7,99.7,58.8412201603963,200085127.0,1.205749991050495
BRN,Brunei Darussalam,2014,27.43803,East Asia & Pacific,81225.5485449793,0.0,100.0,99.9718900881513,416750.0,0.011434799002500001
BGR,Bulgaria,2014,7.927114,Europe & Central Asia,17990.7621498811,17.1,95.9,71.9161104454373,7073572.0,0.056073011631208
CIV,Côte d’Ivoire,2014,1.577156,Sub-Saharan Africa,4074.21445539789,71.9,61.9,34.1595191336343,24527395.0,0.03868352818862
HRV,Croatia,2014,5.758433,Europe & Central Asia,22706.1799469484,33.6,100.0,70.8748159731388,4201598.0,0.024194620575934002
CUB,Cuba,2014,5.227796,Latin America & Caribbean,,23.2,98.7,94.5848718252967,11285775.0,0.05899972940189999
CYP,Cyprus,2014,6.882424,Europe & Central Asia,29892.7109375,9.5,100.0,91.9006736410977,1201801.0,0.008271304045624
EGY,Egypt,2014,3.07912,Middle East & North Africa,10256.4367553616,5.4,99.8,90.2206573455579,97528654.0,0.30030242910448
GEO,Georgia,2014,4.477543,Europe & Central Asia,11770.6989360253,30.7,100.0,71.3923935449501,3719414.0,0.016653836119802
GHA,Ghana,2014,1.128611,Sub-Saharan Africa,5517.13178763566,47.7,78.3,52.6743906404964,28041592.0,0.031648049188712
GTM,Guatemala,2014,1.703142,Latin America & Caribbean,8236.65929901849,66.2,85.5,41.6565859076073,15681725.0,0.02670820447995
GNB,Guinea-Bissau,2014,0.6962806,Sub-Saharan Africa,1455.90813665193,87.3,17.2,,1741122.0,0.0012123094708332
GUY,Guyana,2014,6.078437,Latin America & Caribbean,11145.0291198724,24.0,86.9,,754229.0,0.004584533460073
VAT,Holy See,2014,30.32221,Europe & Central Asia,,,,,,
IDN,Indonesia,2014,3.069394,East Asia & Pacific,10064.677127417,29.3,97.0,81.0824658333214,258877399.0,0.794596735226206
KAZ,Kazakhstan,2014,20.52191,Europe & Central Asia,23958.1128890603,1.3,100.0,,17816285.0,0.36562419730435
KEN,Kenya,2014,1.147807,Sub-Saharan Africa,3359.48950665093,71.8,36.0,17.9258722426036,46051440.0,0.052858165192079996
LIE,Liechtenstein,2014,5.356115,Europe & Central Asia,,55.0,100.0,,37248.0,0.00019950457152
MYS,Malaysia,2014,10.23582,East Asia & Pacific,24306.5212338415,3.0,99.7,97.9403237804626,30696137.0,0.31420013302734
MDV,Maldives,2014,3.68893,South Asia,16722.523852619,1.2,100.0,,413617.0,0.00152580415981
MLT,Malta,2014,6.549833,Europe & Central Asia,35205.7012669646,4.5,100.0,97.3823335627365,433481.0,0.0028392281586729997
MUS,Mauritius,2014,4.015156,Sub-Saharan Africa,19294.4682829555,10.6,99.5,85.0556234220937,1261208.0,0.005063946868448001
MDA,Moldova,2014,3.968441,Europe & Central Asia,8643.06431435343,24.3,99.8,80.2245742858812,2857815.0,0.011341070216414999
MCO,Monaco,2014,2.346737,Europe & Central Asia,,,100.0,,36128.0,8.4782914336e-05
MAR,Morocco,2014,2.459603,Middle East & North Africa,7237.27734375,11.1,97.3,88.3645731918633,34204780.0,0.08413017950234
NAM,Namibia,2014,4.751163,Sub-Saharan Africa,10365.3090596781,30.2,48.4,75.5016466636717,2312139.0,0.010985349267657001
NPL,Nepal,2014,1.496792,South Asia,2901.19752086169,84.0,84.9,15.1763198580422,27672370.0,0.04141978203704
NGA,Nigeria,2014,1.563994,Sub-Saharan Africa,7396.12835532947,79.9,54.2,39.1677770531867,185896915.0,0.29074165967851
PAN,Panama,2014,4.204799,Latin America & Caribbean,24376.0808599604,19.8,90.8,84.4099938740646,3892101.0,0.016365502392699002
PER,Peru,2014,3.223498,Latin America & Caribbean,11517.7371710247,28.6,92.9,86.1902367660519,30115826.0,0.09707830487934802
ROU,Romania,2014,5.914941,Europe & Central Asia,20632.9924390362,24.3,98.4,73.0867018814082,19908979.0,0.117760436155239
RUS,Russia,2014,13.6596,Europe & Central Asia,25688.2265625,3.3,100.0,92.3829682310696,144237223.0,1.9702227712907998
RWA,Rwanda,2014,0.7338822,Sub-Saharan Africa,1677.56869684182,88.0,19.8,0.0,11364757.0,0.008340392869625401
SRB,Serbia,2014,7.617867,Europe & Central Asia,15296.1484591287,23.2,99.7,83.7593645706375,7131787.0,0.054329004838329004
SGP,Singapore,2014,9.636294,East Asia & Pacific,84555.2446100826,0.6,100.0,93.0398651536326,5469724.0,0.052707868562855996
SLB,Solomon Islands,2014,0.8533567,East Asia & Pacific,2377.38397015815,45.9,50.5,,616908.0,0.0005264425750836
ZAF,South Africa,2014,9.387836,Sub-Saharan Africa,13358.9417186608,7.6,85.9,94.1188203880702,55594838.0,0.521915221590568
UKR,Ukraine,2014,8.028714,Europe & Central Asia,10493.7451171875,3.5,100.0,75.3571271035037,45972380.0,0.36909909091932
UZB,Uzbekistan,2014,5.650603,Europe & Central Asia,6609.76717277708,1.4,99.8,,30222994.0,0.17077814056538201
VEN,Venezuela,2014,8.367807,Latin America & Caribbean,,12.1,100.0,90.1216070050478,30254079.0,0.25316029403475304
AUS,Australia,2019,21.86902,East Asia & Pacific,52885.8313816377,10.3,100.0,0.0,25334826.0,0.55404781649052
AUT,Austria,2019,9.08026,Europe & Central Asia,60354.9279422121,34.0,100.0,0.0,8879920.0,0.08063198237920001
BEL,Belgium,2019,10.12343,Europe & Central Asia,56712.469571978,10.2,100.0,0.0,11488980.0,0.1163078848014
CAN,Canada,2019,19.77897,North America,50498.9731057448,22.4,100.0,0.0,37618495.0,0.7440550840501501
CHL,Chile,2019,5.682408,Latin America & Caribbean,25611.7578269458,25.3,100.0,0.0,19197744.0,0.109089414087552
COL,Colombia,2019,3.683094,Latin America & Caribbean,16181.5908990662,31.5,99.4,0.0,49907985.0,0.18381580010559
CRI,Costa Rica,2019,3.187736,Latin America & Caribbean,23339.6091317787,33.4,99.7,0.0,4999553.0,0.015937255082008002
CZE,Czechia,2019,11.46535,Europe & Central Asia,45614.0171132532,15.9,100.0,0.0,10671870.0,0.1223567247045
DNK,Denmark,2019,7.870842,Europe & Central Asia,60594.966400191,37.2,100.0,0.0,5814422.0,0.045764396883323996
EST,Estonia,2019,10.93776,Europe & Central Asia,40586.3784378888,31.3,100.0,0.0,1326898.0,0.01451329186848
FIN,Finland,2019,9.53934,Europe & Central Asia,52276.1115723992,45.4,100.0,0.0,5521606.0,0.052672476980039996
FRA,France,2019,6.62196,Europe & Central Asia,51130.4723140578,15.5,100.0,0.0,67382061.0,0.44620131265956
DEU,Germany,2019,9.550692,Europe & Central Asia,59270.7276496985,17.1,100.0,0.0,83092962.0,0.793595287429704
GRC,Greece,2019,8.052013,Europe & Central Asia,31927.3792151369,18.5,100.0,0.0,10721582.0,0.086330317644566
HUN,Hungary,2019,6.646106,Europe & Central Asia,35627.2315520858,13.6,100.0,0.0,9694824.0,0.064432827955344
ISL,Iceland,2019,13.29792,Europe & Central Asia,60523.8179440825,81.7,100.0,0.0,360563.0,0.00479473792896
IRL,Ireland,2019,12.11575,Europe & Central Asia,92022.59879983,12.3,100.0,0.0,4976456.0,0.060293496781999995
ISR,Israel,2019,9.402014,Middle East & North Africa,41325.1783656756,4.5,100.0,0.0,9054000.0,0.085125834756
ITA,Italy,2019,6.926384,Europe & Central Asia,46661.9105159611,17.3,100.0,0.0,59729081.0,0.413706550973104
JPN,Japan,2019,9.373204,East Asia & Pacific,42678.1511448354,7.8,100.0,0.0,126633000.0,1.1869569421319999
KOR,Korea,2019,14.66927,East Asia & Pacific,46511.2196957018,3.2,100.0,0.0,51764822.0,0.75935215041994
LVA,Latvia,2019,5.812749,Europe & Central Asia,32199.0960377091,41.5,100.0,0.0,1913822.0,0.011124566916678
LTU,Lithuania,2019,7.042611,Europe & Central Asia,40563.8304884555,33.5,100.0,0.0,2811089.0,0.019797406313379
LUX,Luxembourg,2019,17.33832,Europe & Central Asia,121371.73990307,16.4,100.0,0.0,620001.0,0.01074977573832
MEX,Mexico,2019,6.061272,North America,20964.2774847072,10.3,99.6,0.0,125762982.0,0.7622836414331039
NLD,Netherlands,2019,10.32719,Europe & Central Asia,62345.2538465433,8.6,100.0,0.0,17344874.0,0.17912380932406
NZL,New Zealand,2019,16.84859,East Asia & Pacific,45278.4587226734,28.0,100.0,0.0,4970300.0,0.083742546877
NOR,Norway,2019,9.548388,Europe & Central Asia,70939.605518036,59.8,100.0,0.0,5347896.0,0.05106378599164799
POL,Poland,2019,10.09156,Europe & Central Asia,35882.3655065553,15.6,100.0,0.0,37965475.0,0.38313086889099995
PRT,Portugal,2019,6.13362,Europe & Central Asia,37865.5603564295,28.2,100.0,0.0,10286263.0,0.06309202846206
SVK,Slovak Republic,2019,7.267905,Europe & Central Asia,33985.6758419661,17.6,100.0,0.0,5454147.0,0.039640222252035
SVN,Slovenia,2019,8.222804,Europe & Central Asia,42373.2506369279,20.9,100.0,0.0,2088385.0,0.01717238053154
ESP,Spain,2019,6.511927,Europe & Central Asia,44042.757577336,16.7,100.0,0.0,47118501.0,0.306832238861427
SWE,Sweden,2019,4.883338,Europe & Central Asia,57046.4463076951,52.9,100.0,0.0,10278887.0,0.050195279484806
CHE,Switzerland,2019,5.440202,Europe & Central Asia,73732.2353322093,24.8,100.0,0.0,8575280.0,0.046651255406560004
TUR,Türkiye,2019,6.066827,Europe & Central Asia,29016.4555653445,14.1,100.0,0.0,82579440.0,0.5009951762368801
GBR,United Kingdom,2019,6.692477,Europe & Central Asia,50064.9605582187,11.4,100.0,0.0,66631000.0,0.44592643498699996
USA,United States,2019,19.50954,North America,65227.9565911035,10.2,100.0,0.0,330226227.0,6.442561784705581
DZA,Algeria,2019,5.287959,Middle East & North Africa,13892.5333446205,0.2,99.5,0.0,43294546.0,0.22893978417161398
ARG,Argentina,2019,7.473238,Latin America & Caribbean,23516.8261980886,10.7,100.0,0.0,44973465.0,0.33609740762967
BLR,Belarus,2019,9.808526,Europe & Central Asia,22301.5932411839,7.8,100.0,0.0,9419758.0,0.09239394125670801
BTN,Bhutan,2019,1.872337,East Asia & Pacific,12909.1009840399,81.0,100.0,,764824.0,0.001432008273688
BRA,Brazil,2019,5.59519,Latin America & Caribbean,16069.838015161,47.5,99.8,0.0,207455459.0,1.1607527096422101
BRN,Brunei Darussalam,2019,25.95554,East Asia & Pacific,69353.6799514849,0.0,100.0,0.0,442680.0,0.0114899984472
BGR,Bulgaria,2019,7.72982,Europe & Central Asia,26765.7192049867,19.3,99.2,0.0,6616726.0,0.05114610096932
CIV,Côte d’Ivoire,2019,1.682472,Sub-Saharan Africa,5516.39055126829,61.1,68.6,0.0,28193009.0,0.047433948238248
HRV,Croatia,2019,6.225204,Europe & Central Asia,33063.9101734438,31.6,100.0,0.0,3949390.0,0.024585758425559996
CUB,Cuba,2019,4.692558,Latin America & Caribbean,,23.1,99.8,0.0,11202846.0,0.052570004620068
CYP,Cyprus,2019,6.542007,Europe & Central Asia,44393.9921875,12.0,100.0,0.0,1286671.0,0.008417410688696999
EGY,Egypt,2019,3.204049,Middle East & North Africa,13363.732696323,6.2,100.0,0.0,107553158.0,0.344605588336742
GEO,Georgia,2019,4.74158,Europe & Central Asia,16770.1333771469,24.7,100.0,0.0,3720161.0,0.01763944099438
GHA,Ghana,2019,1.366898,Sub-Saharan Africa,6002.55044678386,42.6,83.5,0.0,31258945.0,0.042727789402609996
GTM,Guatemala,2019,1.882364,Latin America & Caribbean,10755.8801029589,62.8,95.4,0.0,17103803.0,0.032195583030292
GNB,Guinea-Bissau,2019,0.7790754,Sub-Saharan Africa,2247.31303739185,86.2,30.9,,1967696.0,0.0015329835482784
GUY,Guyana,2019,6.561252,Latin America & Caribbean,13240.9713761155,11.3,91.6,,807665.0,0.00529929359658
VAT,Holy See,2019,29.66224,Europe & Central Asia,,,,,,
IDN,Indonesia,2019,3.556219,East Asia & Pacific,11986.4701508376,19.8,98.9,0.0,272489381.0,0.9690319140104391
KAZ,Kazakhstan,2019,19.34913,Europe & Central Asia,28689.2710838374,1.9,100.0,0.0,19209555.0,0.37168817693715
KEN,Kenya,2019,1.286968,Sub-Saharan Africa,4687.37782325306,68.1,69.7,0.0,51202827.0,0.065896399858536
LIE,Liechtenstein,2019,4.868305,Europe & Central Asia,,56.1,100.0,,38563.0,0.00018773644571500002
MYS,Malaysia,2019,9.942006,East Asia & Pacific,28933.928297233,5.7,100.0,0.0,33440596.0,0.33246660607557593
MDV,Maldives,2019,4.476469,South Asia,23077.2112236652,1.3,100.0,,487731.0,0.002183312701839
MLT,Malta,2019,4.219994,Europe & Central Asia,51392.8152819605,7.4,100.0,0.0,503912.0,0.0021265056165279995
MUS,Mauritius,2019,4.57325,Sub-Saharan Africa,24374.7818286566,8.9,100.0,0.0,1265985.0,0.00578966590125
MDA,Moldova,2019,4.370677,Europe & Central Asia,13413.2232935126,22.0,100.0,0.0,2664224.0,0.011644462559648
MCO,Monaco,2019,2.157267,Europe & Central Asia,,,100.0,,38109.0,8.2211288103e-05
NAM,Namibia,2019,3.983455,Sub-Saharan Africa,9609.48555672874,30.2,53.3,0.0,2650494.0,0.01055812357677
NPL,Nepal,2019,1.853793,South Asia,4260.67373190851,78.2,89.9,0.0,28414064.0,0.052673792944752
NGA,Nigeria,2019,1.519398,Sub-Saharan Africa,7551.39380367192,80.1,55.4,0.0,209485641.0,0.318292063964118
PAN,Panama,2019,5.162121,Latin America & Caribbean,33239.7332276186,19.0,93.9,0.0,4234700.0,0.0218600337987
PER,Peru,2019,3.26907,Latin America & Caribbean,13563.5372933551,27.1,95.6,0.0,32449303.0,0.10607904295821001
ROU,Romania,2019,5.912965,Europe & Central Asia,33425.326172666,23.5,100.0,0.0,19371648.0,0.11454387661632
RUS,Russia,2019,13.99041,Europe & Central Asia,30963.853515625,3.2,99.8,0.0,145453291.0,2.0349511769393103
RWA,Rwanda,2019,0.8924332,Sub-Saharan Africa,2336.03967302732,81.8,46.6,0.0,12776103.0,0.0114018184838196
SAU,Saudi Arabia,2019,22.00738,Middle East & North Africa,59560.2537904546,0.0,100.0,0.0,30063799.0,0.6616254488366201
SRB,Serbia,2019,8.99412,Europe & Central Asia,20587.382536041,21.4,99.8,0.0,6945235.0,0.062466277018200005
SGP,Singapore,2019,9.800837,East Asia & Pacific,105335.291974111,0.9,100.0,0.0,5703569.0,0.055899750087252995
SLB,Solomon Islands,2019,0.8503432,East Asia & Pacific,2512.01387973448,48.4,69.4,,728147.0,0.0006191748500504
ZAF,South Africa,2019,8.34868,Sub-Saharan Africa,13361.4851289112,8.7,85.0,0.0,59587885.0,0.49748018374180003
UKR,Ukraine,2019,7.569845,Europe & Central Asia,14217.486328125,7.4,100.0,0.0,44957458.0,0.34032098865401
UZB,Uzbekistan,2019,5.712653,Europe & Central Asia,8544.08026729718,1.6,100.0,0.0,32964701.0,0.188315898061753
VEN,Venezuela,2019,5.560651,Latin America & Caribbean,,15.8,99.8,0.0,28938098.0,0.16091466358179798
AUS,Australia,2016,22.74003,East Asia & Pacific,47446.2103030951,9.6,100.0,0.0,24190907.0,0.55010195090721
AUT,Austria,2016,9.192056,Europe & Central Asia,52397.8635176674,34.6,100.0,0.0,8736668.0,0.080307941509408
BEL,Belgium,2016,10.34431,Europe & Central Asia,48414.5518065681,9.2,100.0,0.0,11331422.0,0.11721574190882
CAN,Canada,2016,19.9407,North America,46470.6466391109,22.1,100.0,0.0,36110803.0,0.7200746893821
CHL,Chile,2016,5.755747,Latin America & Caribbean,23256.5036042211,24.6,100.0,0.0,18267221.0,0.105141502469087
COL,Colombia,2016,3.601354,Latin America & Caribbean,14026.8399931053,30.5,98.4,0.0,47437512.0,0.170839273591248
CRI,Costa Rica,2016,3.103583,Latin America & Caribbean,19201.7453233396,34.1,99.5,0.0,4866998.0,0.015105132253834
CZE,Czechia,2016,12.13502,Europe & Central Asia,36445.0485732064,14.8,100.0,0.0,10566332.0,0.12822265014664
DNK,Denmark,2016,9.11466,Europe & Central Asia,51820.9521305491,32.0,100.0,0.0,5728010.0,0.0522088636266
EST,Estonia,2016,14.84915,Europe & Central Asia,31947.7769107437,27.2,100.0,0.0,1315790.0,0.019538363078499998
FIN,Finland,2016,10.53471,Europe & Central Asia,44562.4011072067,42.4,100.0,0.0,5495303.0,0.057891423467130006
FRA,France,2016,7.093895,Europe & Central Asia,42880.2351355431,14.2,100.0,0.0,66724104.0,0.47333378774508
DEU,Germany,2016,10.84203,Europe & Central Asia,51569.9016841199,14.2,100.0,0.0,82348669.0,0.89282673975807
GRC,Greece,2016,8.574775,Europe & Central Asia,27504.5497984948,16.4,100.0,0.0,10775971.0,0.092401526731525
HUN,Hungary,2016,6.425023,Europe & Central Asia,28178.9450366919,15.3,100.0,0.0,9759755.0,0.062706650349365
ISL,Iceland,2016,14.29545,Europe & Central Asia,53480.3971946764,80.9,100.0,0.0,335439.0,0.0047952514525500005
IRL,Ireland,2016,13.19347,Europe & Central Asia,73012.8198720374,8.6,100.0,0.0,4762722.0,0.06283682982534
ISR,Israel,2016,9.846153,Middle East & North Africa,38189.1610278241,4.0,100.0,0.0,8546000.0,0.08414522353799998
ITA,Italy,2016,7.262397,Europe & Central Asia,40482.562999856,16.1,100.0,0.0,60115223.0,0.436580615169531
JPN,Japan,2016,10.10148,East Asia & Pacific,40596.9686628995,6.4,100.0,0.0,127076000.0,1.2836556724800001
KOR,Korea,2016,14.37503,East Asia & Pacific,41672.6278317077,2.6,100.0,0.0,51217803.0,0.7362574546590901
LVA,Latvia,2016,5.48277,Europe & Central Asia,24063.4511245109,38.5,100.0,0.0,1959537.0,0.010743690677490002
LTU,Lithuania,2016,6.866907,Europe & Central Asia,28698.9887868061,31.5,100.0,0.0,2877325.0,0.019758323183775
LUX,Luxembourg,2016,17.31256,Europe & Central Asia,113365.176082265,13.5,100.0,0.0,582014.0,0.010076152295840001
MEX,Mexico,2016,6.438936,North America,20104.5839787472,9.2,99.5,0.0,122251351.0,0.787168625002536
NLD,Netherlands,2016,11.32236,Europe & Central Asia,53162.2791598028,5.6,100.0,0.0,17030314.0,0.19282334602103998
NZL,New Zealand,2016,17.20145,East Asia & Pacific,39988.9250855472,30.1,100.0,0.0,4714100.0,0.08108935544500001
NOR,Norway,2016,10.18965,Europe & Central Asia,59280.1992028829,57.7,100.0,0.0,5234519.0,0.05333791652835
POL,Poland,2016,10.28008,Europe & Central Asia,28359.6927346266,11.3,100.0,0.0,37970087.0,0.39033553196696
PRT,Portugal,2016,6.339368,Europe & Central Asia,31589.2695609552,29.0,100.0,0.0,10325452.0,0.065456839994336
SVK,Slovak Republic,2016,7.545991,Europe & Central Asia,29867.9803390081,13.1,100.0,0.0,5430798.0,0.040980752830818
SVN,Slovenia,2016,8.603161,Europe & Central Asia,33575.1775435757,21.0,100.0,0.0,2065042.0,0.017765888797762
ESP,Spain,2016,6.855799,Europe & Central Asia,37612.7188681342,16.7,100.0,0.0,46458139.0,0.31850766289806104
SWE,Sweden,2016,5.360955,Europe & Central Asia,50289.7687144136,50.9,100.0,0.0,9923085.0,0.053197212146174996
CHE,Switzerland,2016,5.892591,Europe & Central Asia,67350.7518747757,24.1,100.0,0.0,8373338.0,0.049340656138758
TUR,Türkiye,2016,6.184704,Europe & Central Asia,26730.7599731835,13.2,100.0,0.0,79277962.0,0.490310728693248
GBR,United Kingdom,2016,7.366669,Europe & Central Asia,44085.2025586772,7.7,100.0,0.0,65607000.0,0.483305053083
USA,United States,2016,19.98921,North America,57976.628204291,9.3,100.0,0.0,324353340.0,6.4835670274614
DZA,Algeria,2016,5.054544,Middle East & North Africa,13437.8460232169,0.1,99.4,0.0,40850721.0,0.206481766726224
ARG,Argentina,2016,7.859378,Latin America & Caribbean,20105.761359796,9.4,99.9,0.0,43900313.0,0.345029154185314
BLR,Belarus,2016,9.244925,Europe & Central Asia,17832.4778855815,6.7,98.0,0.0,9469379.0,0.087543698651575
BRA,Brazil,2016,5.744674,Latin America & Caribbean,14309.2061488342,45.4,99.7,0.0,203218114.0,1.167421815824836
BRN,Brunei Darussalam,2016,27.08624,East Asia & Pacific,56679.5185221407,0.0,100.0,0.0,427564.0,0.01158110111936
BGR,Bulgaria,2016,8.108453,Europe & Central Asia,20745.8472094399,17.7,97.3,0.0,6894139.0,0.05590080205696701
CIV,Côte d’Ivoire,2016,1.795058,Sub-Saharan Africa,4530.64849808487,64.0,64.3,0.0,25989405.0,0.046652489360490004
HRV,Croatia,2016,6.025329,Europe & Central Asia,25802.6823323622,31.8,100.0,0.0,4106867.0,0.024745224834243
CUB,Cuba,2016,5.114254,Latin America & Caribbean,,19.2,99.2,0.0,11265612.0,0.057615201233448
CYP,Cyprus,2016,7.082761,Europe & Central Asia,35246.90234375,10.3,100.0,0.0,1237112.0,0.008762168626232
EGY,Egypt,2016,3.422747,Middle East & North Africa,10665.6676499685,5.1,100.0,0.0,101644589.0,0.347903712065983
GEO,Georgia,2016,4.921393,Europe & Central Asia,13065.294157468,27.2,100.0,0.0,3727505.0,0.018344517014465
GHA,Ghana,2016,1.189614,Sub-Saharan Africa,5011.07931572904,45.2,79.3,0.0,29356742.0,0.034923191277587994
GTM,Guatemala,2016,1.926159,Latin America & Caribbean,9201.42836046353,63.2,91.8,0.0,16268760.0,0.03133621849284
GNB,Guinea-Bissau,2016,0.7221428,Sub-Saharan Africa,1824.3730977071,86.8,22.9,,1831893.0,0.0013228883403204
GUY,Guyana,2016,6.111522,Latin America & Caribbean,11516.3798289577,21.3,89.0,,763548.0,0.004666440400056
VAT,Holy See,2016,29.30915,Europe & Central Asia,,,,,,
IND,India,2016,2.198557,South Asia,5800.48149366552,33.0,89.6,0.0,1343944296.0,2.954738139580872
IDN,Indonesia,2016,3.093477,East Asia & Pacific,10262.5951651871,27.8,97.6,0.0,264627418.0,0.818618831152386
KAZ,Kazakhstan,2016,20.0808,Europe & Central Asia,23023.0872293899,2.1,100.0,0.0,18363600.0,0.36875577888
KEN,Kenya,2016,1.255773,Sub-Saharan Africa,3916.65315673095,68.3,53.1,0.0,48139687.0,0.060452519163051
LIE,Liechtenstein,2016,4.973462,Europe & Central Asia,,55.8,100.0,,37716.0,0.00018757909279199997
MYS,Malaysia,2016,10.00872,East Asia & Pacific,25285.8213541391,4.4,99.9,0.0,31789685.0,0.3181740560532
MDV,Maldives,2016,3.767199,South Asia,18769.5060607629,1.2,100.0,,443308.0,0.001670029454292
MLT,Malta,2016,4.067336,Europe & Central Asia,40999.9620259653,9.2,100.0,0.0,454505.0,0.00184862454868
MUS,Mauritius,2016,4.154706,Sub-Saharan Africa,21951.8307433111,10.3,99.7,0.0,1263747.0,0.005250497243382
MDA,Moldova,2016,4.138269,Europe & Central Asia,10325.8404896126,25.3,99.9,0.0,2803186.0,0.011600337725034
MCO,Monaco,2016,2.329862,Europe & Central Asia,,,100.0,,37276.0,8.6847935912e-05
MAR,Morocco,2016,2.473351,Middle East & North Africa,7853.17626953125,11.1,97.8,0.0,35023457.0,0.08662530239440701
NAM,Namibia,2016,5.007187,Sub-Saharan Africa,10200.1392609733,29.2,49.7,0.0,2439213.0,0.012213595623831
NPL,Nepal,2016,1.544541,South Asia,2976.12513681451,79.4,90.7,0.0,27955462.0,0.043178357232942
NGA,Nigeria,2016,1.523554,Sub-Saharan Africa,7072.49693372311,81.1,59.3,0.0,195443700.0,0.2977690309098
PAN,Panama,2016,4.467756,Latin America & Caribbean,30276.7088496195,22.1,92.4,0.0,4029086.0,0.018000973151016
PER,Peru,2016,3.269104,Latin America & Caribbean,12066.5460683317,27.2,94.2,0.0,30866494.0,0.100905779001376
ROU,Romania,2016,5.806685,Europe & Central Asia,23905.1743665679,24.4,99.1,0.0,19702267.0,0.114404858254895
RUS,Russia,2016,13.45777,Europe & Central Asia,24012.40234375,3.4,99.4,0.0,145015460.0,1.9515847071242
RWA,Rwanda,2016,0.7621484,Sub-Saharan Africa,1866.38968530286,85.5,29.4,0.0,11919183.0,0.0090841862527572
SRB,Serbia,2016,9.027099,Europe & Central Asia,16455.4261201487,20.9,99.9,0.0,7058322.0,0.063716171467878
SGP,Singapore,2016,9.712685,East Asia & Pacific,89901.8159165036,0.7,100.0,0.0,5607283.0,0.054461773484855
SLB,Solomon Islands,2016,0.9021343,East Asia & Pacific,2421.18991118943,48.7,58.2,,662379.0,0.0005975548154996999
ZAF,South Africa,2016,8.87429,Sub-Saharan Africa,13519.3235102376,7.8,83.9,0.0,57259551.0,0.50813786084379
UKR,Ukraine,2016,7.525199,Europe & Central Asia,10864.6572265625,5.5,100.0,0.0,45616832.0,0.343275738549568
UZB,Uzbekistan,2016,5.477135,Europe & Central Asia,6919.29475621804,1.6,99.9,0.0,31284568.0,0.17134980235268
VEN,Venezuela,2016,7.393056,Latin America & Caribbean,,14.6,99.4,0.0,30765720.0,0.22745269084032
AUS,Australia,2021,20.40214,East Asia & Pacific,58327.4146842325,12.3,100.0,0.0,25685412.0,0.52403737158168
AUT,Austria,2021,8.706675,Europe & Central Asia,62968.9422311892,36.0,100.0,0.0,8955797.0,0.07797521384497501
BEL,Belgium,2021,9.486282,Europe & Central Asia,60669.2137746531,11.7,100.0,0.0,11586195.0,0.10990991307699
CAN,Canada,2021,18.03644,North America,56995.1176781351,23.8,100.0,0.0,38239864.0,0.6897110126441599
CHL,Chile,2021,5.687362,Latin America & Caribbean,29089.850459728,24.2,100.0,0.0,19456334.0,0.11065521465090801
COL,Colombia,2021,3.584791,Latin America & Caribbean,17383.0901728295,29.7,100.0,0.0,51188173.0,0.183498901876843
CRI,Costa Rica,2021,3.193075,Latin America & Caribbean,23852.9253020002,34.2,100.0,0.0,5059988.0,0.0161569211831
CZE,Czechia,2021,11.09741,Europe & Central Asia,47796.0337408466,17.2,100.0,0.0,10505772.0,0.11658685925052001
DNK,Denmark,2021,7.524057,Europe & Central Asia,69715.1809680929,39.5,100.0,0.0,5856733.0,0.044066392925780996
EST,Estonia,2021,9.437351,Europe & Central Asia,44251.5374983455,38.0,100.0,0.0,1330932.0,0.012560472441132
FIN,Finland,2021,8.616688,Europe & Central Asia,56790.3766177692,50.2,100.0,0.0,5541017.0,0.047745214691696
FRA,France,2021,6.340007,Europe & Central Asia,52517.3354905855,16.2,100.0,0.0,67842811.0,0.430123896639677
DEU,Germany,2021,9.097411,Europe & Central Asia,62530.7653199239,17.6,100.0,0.0,83196078.0,0.756868915154058
GRC,Greece,2021,7.373946,Europe & Central Asia,33531.15511226,21.5,100.0,0.0,10569207.0,0.077936761680822
HUN,Hungary,2021,6.594334,Europe & Central Asia,38887.1909527154,15.3,100.0,0.0,9630932.0,0.063509582339288
ISL,Iceland,2021,12.69083,Europe & Central Asia,61610.2132740715,82.4,100.0,0.0,372520.0,0.0047275879916
IRL,Ireland,2021,11.97744,Europe & Central Asia,116903.61243517,12.7,100.0,0.0,5110585.0,0.0612117252024
ISR,Israel,2021,8.796155,Middle East & North Africa,46162.0822730247,6.2,100.0,0.0,9371400.0,0.082432286967
ITA,Italy,2021,6.885666,Europe & Central Asia,49825.3934111848,17.5,100.0,0.0,59133173.0,0.40717127879821796
JPN,Japan,2021,9.108153,East Asia & Pacific,44355.3487163354,8.8,100.0,0.0,125681593.0,1.144727178327729
KOR,Korea,2021,14.29121,East Asia & Pacific,51718.2518656631,3.6,100.0,0.0,51769539.0,0.7398493534521899
LVA,Latvia,2021,5.681176,Europe & Central Asia,36912.0130602161,44.0,100.0,0.0,1884490.0,0.01070611936024
LTU,Lithuania,2021,7.056945,Europe & Central Asia,45873.5273239486,33.2,100.0,0.0,2808380.0,0.019818583199099998
LUX,Luxembourg,2021,14.68809,Europe & Central Asia,136772.443753292,20.5,100.0,0.0,640064.0,0.00940131763776
MEX,Mexico,2021,5.632792,North America,20782.5877417545,13.0,100.0,0.0,127648148.0,0.7190154668692161
NLD,Netherlands,2021,9.402311,Europe & Central Asia,68573.5648786446,12.2,100.0,0.0,17533044.0,0.16485113246468397
NZL,New Zealand,2021,16.02921,East Asia & Pacific,48248.7176729892,28.9,100.0,0.0,5084600.0,0.08150212116599999
NOR,Norway,2021,9.105592,Europe & Central Asia,88984.1386736515,61.4,100.0,0.0,5408320.0,0.049245955325439995
POL,Poland,2021,10.48352,Europe & Central Asia,41059.5847829682,15.2,100.0,0.0,36981559.0,0.38769691340768003
PRT,Portugal,2021,5.388249,Europe & Central Asia,38657.6677223425,32.3,100.0,0.0,10361831.0,0.055832125523919
SVK,Slovak Republic,2021,7.510327,Europe & Central Asia,38346.0935768177,17.9,100.0,0.0,5447247.0,0.040910606219769004
SVN,Slovenia,2021,7.593741,Europe & Central Asia,45914.0572392406,23.4,100.0,0.0,2108079.0,0.016008205933539
ESP,Spain,2021,6.024189,Europe & Central Asia,44251.6658222621,19.0,100.0,0.0,47443821.0,0.285810544586169
SWE,Sweden,2021,4.581526,Europe & Central Asia,62731.700616293,57.9,100.0,0.0,10415811.0,0.047720308907586
CHE,Switzerland,2021,5.209583,Europe & Central Asia,81001.4111206118,27.7,100.0,0.0,8704546.0,0.045347054864318004
TUR,Türkiye,2021,6.622971,Europe & Central Asia,32105.5474400506,12.0,100.0,0.0,84147318.0,0.557305246841778
GBR,United Kingdom,2021,6.265779,Europe & Central Asia,51004.4271714238,12.2,100.0,0.0,66984000.0,0.419706940536
USA,United States,2021,18.60527,North America,71307.4017277218,10.9,100.0,0.0,332099760.0,6.1788057017352
DZA,Algeria,2021,5.380772,Middle East & North Africa,14496.8654697299,0.1,99.8,0.0,44761099.0,0.240849268188428
ARG,Argentina,2021,7.557831,Latin America & Caribbean,26300.274261175,9.2,100.0,0.0,45312281.0,0.342462562022511
AZE,Azerbaijan,2021,7.010887,Europe & Central Asia,20111.3756952109,1.3,100.0,0.0,10137750.0,0.07107461968425
BLR,Belarus,2021,9.960464,Europe & Central Asia,27611.1801135157,8.2,100.0,0.0,9302585.0,0.09265806299944
BTN,Bhutan,2021,1.905872,East Asia & Pacific,13458.812666743,81.8,100.0,,775442.0,0.001477893195424
BRA,Brazil,2021,5.888017,Latin America & Caribbean,18075.7060048757,46.5,99.5,0.0,209550294.0,1.2338356934269978
BRN,Brunei Darussalam,2021,33.40891,East Asia & Pacific,78248.797127611,0.0,100.0,0.0,451721.0,0.01509150623411
BGR,Bulgaria,2021,7.856872,Europe & Central Asia,30959.1118459807,20.4,99.8,0.0,6507301.0,0.051127031022472
CHN,China (People’s Republic of),2021,10.03497,East Asia & Pacific,20843.2978347377,15.2,100.0,0.0,1412360000.0,14.172990229199998
CIV,Côte d’Ivoire,2021,2.909439,Sub-Saharan Africa,6045.20480490879,58.2,71.1,0.0,29639736.0,0.086235003868104
HRV,Croatia,2021,6.224454,Europe & Central Asia,36930.2841941405,34.1,100.0,0.0,3878981.0,0.024144538801374
CUB,Cuba,2021,4.437665,Latin America & Caribbean,,20.9,100.0,0.0,11122168.0,0.04935645565772
CYP,Cyprus,2021,6.207363,Europe & Central Asia,47632.76953125,15.6,100.0,0.0,1317309.0,0.008177015146167
EGY,Egypt,2021,3.278952,Middle East & North Africa,15579.0160861551,6.1,100.0,0.0,110957008.0,0.36382270329561595
GEO,Georgia,2021,4.943908,Europe & Central Asia,18915.6534005263,25.2,100.0,0.0,3708610.0,0.018335026647880004
GHA,Ghana,2021,1.443062,Sub-Saharan Africa,6607.50297378321,39.0,86.3,0.0,32518665.0,0.04692644975223
GTM,Guatemala,2021,1.93884,Latin America & Caribbean,11825.141273764,62.1,97.9,0.0,17598650.0,0.034120966566
GNB,Guinea-Bissau,2021,0.753656,Sub-Saharan Africa,2522.76764302521,87.4,35.8,,2058841.0,0.001551657872696
GUY,Guyana,2021,7.857966,Latin America & Caribbean,22865.9270968882,13.2,92.9,,815482.0,0.006408029829612
VAT,Holy See,2021,29.63985,Europe & Central Asia,,,,,,
IDN,Indonesia,2021,3.461016,East Asia & Pacific,12757.0746440204,20.2,99.2,0.0,276758053.0,0.9578640495618479
IRQ,Iraq,2021,4.728294,Middle East & North Africa,12731.7535755129,1.1,100.0,0.0,43071211.0,0.203653348544034
KAZ,Kazakhstan,2021,16.20224,Europe & Central Asia,32945.8515725823,2.0,100.0,0.0,19743603.0,0.31989059427072003
KEN,Kenya,2021,1.300705,Sub-Saharan Africa,5338.85243382781,67.7,76.5,0.0,53219166.0,0.06922243531203
LBN,Lebanon,2021,3.716709,Middle East & North Africa,11599.7755083765,6.8,100.0,0.0,5718122.0,0.021252595500498
LIE,Liechtenstein,2021,4.678162,Europe & Central Asia,,53.6,100.0,,39182.0,0.000183299743484
MYS,Malaysia,2021,9.595771,East Asia & Pacific,29822.8491831618,7.5,100.0,0.0,34282399.0,0.32896605013462893
MDV,Maldives,2021,4.390248,South Asia,19052.6224904311,1.4,100.0,,516154.0,0.002266044066192
MLT,Malta,2021,4.005686,Europe & Central Asia,56852.3218512267,8.6,100.0,0.0,518150.0,0.0020755462009
MUS,Mauritius,2021,4.510886,Sub-Saharan Africa,23010.2013826905,8.6,99.6,0.0,1266334.0,0.005712288311924
MDA,Moldova,2021,4.831095,Europe & Central Asia,15682.0703284653,21.4,100.0,0.0,2595809.0,0.012540599880855001
MCO,Monaco,2021,1.892956,Europe & Central Asia,,,100.0,,38527.0,7.292991581200001e-05
MAR,Morocco,2021,2.734579,Middle East & North Africa,8623.265625,10.9,100.0,0.0,36954442.0,0.101054841049918
NAM,Namibia,2021,3.76657,Sub-Saharan Africa,9709.09930646771,30.0,55.2,0.0,2810548.0,0.01058612578036
NPL,Nepal,2021,1.944893,South Asia,4546.22970006289,73.7,89.9,0.0,29475010.0,0.05732574062393
NGA,Nigeria,2021,1.471587,Sub-Saharan Africa,7588.47885596359,80.3,59.5,0.0,218529286.0,0.321584856396882
PAN,Panama,2021,4.722124,Latin America & Caribbean,30932.7627809145,28.0,95.3,0.0,4345405.0,0.02051954124022
PER,Peru,2021,3.320794,Latin America & Caribbean,15280.5512106486,30.6,95.6,0.0,33155882.0,0.11010385401030799
ROU,Romania,2021,5.994079,Europe & Central Asia,37534.1559176911,23.6,100.0,0.0,19122059.0,0.114619132288661
RUS,Russia,2021,13.91481,Europe & Central Asia,38638.4296875,3.5,100.0,0.0,144746762.0,2.01412369134522
RWA,Rwanda,2021,0.8892792,Sub-Saharan Africa,2733.43566762447,79.4,48.7,0.0,13355260.0,0.011876554928592
SAU,Saudi Arabia,2021,22.85849,Middle East & North Africa,62690.4966645929,0.1,100.0,0.0,30784383.0,0.7036845109616701
SRB,Serbia,2021,9.060741,Europe & Central Asia,23406.4036315634,27.2,100.0,0.0,6834326.0,0.061924057795566
SGP,Singapore,2021,10.50314,East Asia & Pacific,132617.354020876,1.1,100.0,0.0,5453566.0,0.057279567197240006
SLB,Solomon Islands,2021,0.8096753,East Asia & Pacific,2449.87009821452,49.1,76.3,,762591.0,0.0006174510967023
ZAF,South Africa,2021,7.89189,Sub-Saharan Africa,13681.9548144813,9.7,89.3,0.0,61502603.0,0.48537177758967
THA,Thailand,2021,5.099677,East Asia & Pacific,20242.7700035656,19.0,100.0,0.0,71727332.0,0.36578622527176397
UKR,Ukraine,2021,7.529293,Europe & Central Asia,17846.408203125,8.9,100.0,0.0,44298640.0,0.33353744006152
URY,Uruguay,2021,11.52196,Latin America & Caribbean,29431.8850087471,57.8,100.0,0.0,3396695.0,0.0391365839222
UZB,Uzbekistan,2021,6.196108,Europe & Central Asia,9247.64382703929,1.0,99.9,0.0,34243696.0,0.21217763873516798
VEN,Venezuela,2021,7.581178,Latin America & Caribbean,,33.7,100.0,0.0,28237826.0,0.21407598523902802
AUS,Australia,2020,20.91176,East Asia & Pacific,54184.1614486854,11.2,100.0,0.0,25649248.0,0.53637091835648
AUT,Austria,2020,8.370743,Europe & Central Asia,58523.0337816246,35.8,100.0,0.0,8916864.0,0.074640776909952
BEL,Belgium,2020,9.26923,Europe & Central Asia,56120.0958420466,12.3,100.0,0.0,11538604.0,0.10695397435492
CAN,Canada,2020,17.87396,North America,48590.6832121939,23.9,100.0,0.0,38028638.0,0.67972235446648
CHL,Chile,2020,5.354269,Latin America & Caribbean,25350.8635082972,26.7,100.0,0.0,19370624.0,0.103715531593856
COL,Colombia,2020,3.479452,Latin America & Caribbean,15519.2101694656,32.0,99.7,0.0,50629997.0,0.176164644321644
CRI,Costa Rica,2020,2.90543,Latin America & Caribbean,22099.8678127394,36.4,99.9,0.0,5034320.0,0.0146268643576
CZE,Czechia,2020,10.56825,Europe & Central Asia,44839.4822099455,17.0,100.0,0.0,10697858.0,0.1130576378085
DNK,Denmark,2020,7.401293,Europe & Central Asia,62682.2899474389,39.5,100.0,0.0,5831404.0,0.043159929605371995
EST,Estonia,2020,8.526422,Europe & Central Asia,40672.1340402132,40.4,100.0,0.0,1329522.0,0.011336065630284
FIN,Finland,2020,8.626773,Europe & Central Asia,53296.5792798852,47.3,100.0,0.0,5529543.0,0.047702112254739
FRA,France,2020,5.997182,Europe & Central Asia,49481.8044309655,16.8,100.0,0.0,67601110.0,0.40541616007201997
DEU,Germany,2020,8.764853,Europe & Central Asia,58685.872699771,18.5,100.0,0.0,83160871.0,0.728892809666963
GRC,Greece,2020,7.091454,Europe & Central Asia,29533.087740299,20.1,100.0,0.0,10698599.0,0.07586862267294599
HUN,Hungary,2020,6.455618,Europe & Central Asia,35583.5855675637,14.8,100.0,0.0,9670419.0,0.062428530963942006
ISL,Iceland,2020,12.5612,Europe & Central Asia,55796.7454667632,82.9,100.0,0.0,366463.0,0.0046032150356
IRL,Ireland,2020,11.56396,Europe & Central Asia,97799.9225748607,13.7,100.0,0.0,5039747.0,0.05827943271812
ISR,Israel,2020,9.061138,Middle East & North Africa,40955.2856179152,5.6,100.0,0.0,9215100.0,0.08349929278379999
ITA,Italy,2020,6.327091,Europe & Central Asia,44435.6434393527,18.7,100.0,0.0,59438851.0,0.376075019212441
JPN,Japan,2020,8.894616,East Asia & Pacific,42425.6946789651,8.5,100.0,0.0,126261000.0,1.1230431107759997
KOR,Korea,2020,13.74816,East Asia & Pacific,47881.4921344193,3.6,100.0,0.0,51836239.0,0.71265290757024
LVA,Latvia,2020,5.519989,Europe & Central Asia,32741.4207691987,43.8,100.0,0.0,1900449.0,0.010490457575060999
LTU,Lithuania,2020,7.000509,Europe & Central Asia,41262.7276941725,31.7,100.0,0.0,2810369.0,0.019674013477821
LUX,Luxembourg,2020,14.37257,Europe & Central Asia,122066.739147202,20.8,100.0,0.0,630419.0,0.00906074120683
MEX,Mexico,2020,5.67136,North America,19354.1248706244,12.3,99.4,0.0,126799054.0,0.71912308289344
NLD,Netherlands,2020,9.330465,Europe & Central Asia,62596.6302027524,10.7,100.0,0.0,17441500.0,0.16273730529750002
NZL,New Zealand,2020,16.05091,East Asia & Pacific,45513.3123768343,28.7,100.0,0.0,5072400.0,0.08141663588399999
NOR,Norway,2020,9.178269,Europe & Central Asia,67110.6045705502,60.9,100.0,0.0,5379475.0,0.049374268628775
POL,Poland,2020,9.712359,Europe & Central Asia,37089.3004256812,16.1,100.0,0.0,37515748.0,0.364366412729532
PRT,Portugal,2020,5.530717,Europe & Central Asia,35966.712796561,31.3,100.0,0.0,10297081.0,0.056950240937077
SVK,Slovak Republic,2020,6.766585,Europe & Central Asia,35327.9439165588,17.6,100.0,0.0,5458827.0,0.036937616895795
SVN,Slovenia,2020,7.564375,Europe & Central Asia,41767.2579899957,22.7,100.0,0.0,2102419.0,0.015903485723125
ESP,Spain,2020,5.658686,Europe & Central Asia,39327.8479269599,19.3,100.0,0.0,47359424.0,0.26799210955686403
SWE,Sweden,2020,4.441116,Europe & Central Asia,57489.2657196219,57.8,100.0,0.0,10353442.0,0.045980836921272
CHE,Switzerland,2020,5.096887,Europe & Central Asia,72997.8239503282,26.4,100.0,0.0,8638167.0,0.04402776108612899
TUR,Türkiye,2020,6.181012,Europe & Central Asia,29209.3308866883,13.7,100.0,0.0,83384680.0,0.51540170769616
GBR,United Kingdom,2020,6.077576,Europe & Central Asia,48230.0477027461,13.6,100.0,0.0,66744000.0,0.405641732544
USA,United States,2020,17.6817,North America,64401.5074354209,11.0,100.0,0.0,331577720.0,5.862857771724
DZA,Algeria,2020,5.04874,Middle East & North Africa,12676.5130564294,0.1,99.7,0.0,44042091.0,0.22235706651533996
ARG,Argentina,2020,7.061831,Latin America & Caribbean,22393.3479575353,9.8,100.0,0.0,45191965.0,0.31913801938791503
AZE,Azerbaijan,2020,6.580966,Europe & Central Asia,15163.5703327282,1.3,100.0,0.0,10093121.0,0.06642248613488601
BLR,Belarus,2020,9.635014,Europe & Central Asia,24872.3066744528,8.4,100.0,0.0,9379952.0,0.09037596883932801
BTN,Bhutan,2020,1.910724,East Asia & Pacific,12475.048003428,83.9,100.0,,770006.0,0.0014712689443439999
BRA,Brazil,2020,5.557711,Latin America & Caribbean,16101.6183062954,50.0,99.7,0.0,208660842.0,1.1596766568526622
BRN,Brunei Darussalam,2020,33.77179,East Asia & Pacific,69787.9632795717,0.0,100.0,0.0,447404.0,0.015109633933160001
BGR,Bulgaria,2020,6.911945,Europe & Central Asia,27351.8607448601,21.1,99.7,0.0,6550696.0,0.04527805046372
CHN,China (People’s Republic of),2020,9.652851,East Asia & Pacific,18267.4783455827,14.9,100.0,0.0,1411100000.0,13.6211380461
CIV,Côte d’Ivoire,2020,1.659335,Sub-Saharan Africa,5543.85096318939,61.8,69.9,0.0,28915449.0,0.047980416566414996
HRV,Croatia,2020,6.044096,Europe & Central Asia,31594.0111922141,32.4,100.0,0.0,3914206.0,0.023657836827776
CUB,Cuba,2020,4.470159,Latin America & Caribbean,,24.5,99.9,0.0,11176354.0,0.049960079420286
CYP,Cyprus,2020,6.190146,Europe & Central Asia,42569.0546875,15.0,100.0,0.0,1302247.0,0.008061099058062
EGY,Egypt,2020,3.088697,Middle East & North Africa,15231.865417764,6.7,100.0,0.0,109315124.0,0.337641295553428
GEO,Georgia,2020,4.820012,Europe & Central Asia,16791.2598654465,23.4,100.0,0.0,3722716.0,0.017943535792592
GHA,Ghana,2020,1.468394,Sub-Saharan Africa,6047.30111673554,40.0,85.4,0.0,31887809.0,0.046823867408745994
GTM,Guatemala,2020,1.778021,Latin America & Caribbean,10947.3711292197,65.5,96.6,0.0,17357325.0,0.030861688353825002
GNB,Guinea-Bissau,2020,0.7595775,Sub-Saharan Africa,2339.79326967821,87.2,33.4,,2013255.0,0.0015292231997625
GUY,Guyana,2020,9.162369,Latin America & Caribbean,16819.4228714695,12.0,92.3,,807481.0,0.0073984388824890005
VAT,Holy See,2020,30.21183,Europe & Central Asia,,,,,,
IDN,Indonesia,2020,3.339661,East Asia & Pacific,11729.3674458448,21.9,97.0,0.0,274814866.0,0.917788490200426
IRQ,Iraq,2020,4.717297,Middle East & North Africa,10573.9304750715,1.1,100.0,0.0,42116605.0,0.198676534416685
KAZ,Kazakhstan,2020,18.43434,Europe & Central Asia,29039.8229624509,1.8,100.0,0.0,19482117.0,0.35913996869778
KEN,Kenya,2020,1.295409,Sub-Saharan Africa,4792.57315847182,69.0,71.5,0.0,52217334.0,0.067642804419606
LBN,Lebanon,2020,4.437867,Middle East & North Africa,16259.7051312281,6.3,100.0,0.0,5702398.0,0.025306483905066
LIE,Liechtenstein,2020,4.631047,Europe & Central Asia,,55.2,100.0,,38901.0,0.00018015235934699998
MYS,Malaysia,2020,9.816118,East Asia & Pacific,27474.7361378236,7.0,100.0,0.0,33889558.0,0.332663900295844
MDV,Maldives,2020,3.009546,South Asia,13425.3674459601,1.6,100.0,,502118.0,0.0015111472184279999
MLT,Malta,2020,4.025918,Europe & Central Asia,49971.8784010216,9.2,100.0,0.0,515490.0,0.00207532046982
MUS,Mauritius,2020,4.344573,Sub-Saharan Africa,21621.5971225158,9.4,99.5,0.0,1266014.0,0.005500290242021999
MDA,Moldova,2020,4.363438,Europe & Central Asia,13527.4413130967,22.3,100.0,0.0,2635130.0,0.01149822637694
MCO,Monaco,2020,1.804676,Europe & Central Asia,,,100.0,,38050.0,6.866792179999999e-05
MAR,Morocco,2020,2.56891,Middle East & North Africa,7704.84912109375,11.1,100.0,0.0,36584208.0,0.09398153777328
NAM,Namibia,2020,3.381342,Sub-Saharan Africa,9354.13136713077,31.2,52.3,0.0,2728762.0,0.009226877558604
NPL,Nepal,2020,1.803851,South Asia,4235.57462326905,73.1,89.9,0.0,28966574.0,0.052251383476474005
NGA,Nigeria,2020,1.452109,Sub-Saharan Africa,7414.7749554048,81.8,55.4,0.0,213996181.0,0.31074578039572903
PAN,Panama,2020,4.221086,Latin America & Caribbean,27017.0033790906,28.5,95.3,0.0,4293261.0,0.018122223901446
PER,Peru,2020,2.868927,Latin America & Caribbean,12563.3038060893,31.6,96.2,0.0,32838579.0,0.09421148593473298
ROU,Romania,2020,5.750749,Europe & Central Asia,34193.8374521868,24.1,100.0,0.0,19265250.0,0.11078961717225
RUS,Russia,2020,13.49968,Europe & Central Asia,31490.8046875,3.7,99.9,0.0,145245148.0,1.96076301955264
RWA,Rwanda,2020,0.8529792,Sub-Saharan Africa,2284.89889795328,81.7,45.2,0.0,13065837.0,0.0111448871915904
SAU,Saudi Arabia,2020,22.25867,Middle East & North Africa,47518.4877485153,0.1,100.0,0.0,31552510.0,0.7023169077616999
SRB,Serbia,2020,9.235191,Europe & Central Asia,21013.0512590365,26.0,100.0,0.0,6899126.0,0.063714746343066
SGP,Singapore,2020,9.581285,East Asia & Pacific,101518.31798444,0.9,100.0,0.0,5685807.0,0.054477337321995
SLB,Solomon Islands,2020,0.8599326,East Asia & Pacific,2405.31509364704,49.0,72.9,,744498.0,0.0006402181008348
ZAF,South Africa,2020,7.756462,Sub-Saharan Africa,12671.0862436851,9.8,90.0,0.0,60562381.0,0.469749806856022
THA,Thailand,2020,5.205036,East Asia & Pacific,19163.7415152349,20.9,100.0,0.0,71641484.0,0.372896503313424
UKR,Ukraine,2020,7.278898,Europe & Central Asia,15541.02734375,8.7,100.0,0.0,44680014.0,0.325221264544572
URY,Uruguay,2020,10.70697,Latin America & Caribbean,25725.258216942,61.2,100.0,0.0,3398968.0,0.03639264840696
UZB,Uzbekistan,2020,5.595903,Europe & Central Asia,8451.72505108114,1.0,100.0,0.0,33586372.0,0.187946079833916
VEN,Venezuela,2020,7.609905,Latin America & Caribbean,,31.2,99.9,0.0,28444077.0,0.21645672378268502
